modelo_version,temporadas,segmento,grupo,n,modelo,mercado,brecha,peso
dc-xi0020-reg002-rho,2425 2526 2627,por temporada,2425,380,0.989624,0.966733,0.022891,0.010739
dc-xi0020-reg002-rho,2425 2526 2627,por temporada,2526,380,1.026376,1.011767,0.014609,0.006854
dc-xi0020-reg002-rho,2425 2526 2627,por temporada,2627,50,1.032681,1.054916,-0.022235,-0.001373
dc-xi0020-reg002-rho,2425 2526 2627,por resultado,empate,213,1.414696,1.411056,0.003641,0.000957
dc-xi0020-reg002-rho,2425 2526 2627,por resultado,gana local,335,0.757613,0.715908,0.041705,0.017249
dc-xi0020-reg002-rho,2425 2526 2627,por resultado,gana visitante,262,1.002227,1.008366,-0.006139,-0.001986
dc-xi0020-reg002-rho,2425 2526 2627,con equipo recien ascendido,no,580,1.045136,1.026300,0.018836,0.013487
dc-xi0020-reg002-rho,2425 2526 2627,con equipo recien ascendido,si,230,0.919720,0.910096,0.009623,0.002733
dc-xi0020-reg002-rho,2425 2526 2627,con tarjeta roja,no,723,1.008162,0.990084,0.018079,0.016137
dc-xi0020-reg002-rho,2425 2526 2627,con tarjeta roja,si,87,1.020836,1.020063,0.000773,0.000083
dc-xi0020-reg002-rho,2425 2526 2627,arranque de temporada (ago-oct),no,580,1.020638,0.999302,0.021336,0.015277
dc-xi0020-reg002-rho,2425 2526 2627,arranque de temporada (ago-oct),si,230,0.981496,0.978176,0.003320,0.000943
dc-xi0020-reg002-rho,2425 2526 2627,segun lo desigual del partido,favorito claro (>60%),188,0.827153,0.797890,0.029262,0.006792
dc-xi0020-reg002-rho,2425 2526 2627,segun lo desigual del partido,favorito moderado,341,1.038546,1.022576,0.015970,0.006723
dc-xi0020-reg002-rho,2425 2526 2627,segun lo desigual del partido,parejo (<45%),281,1.096318,1.088520,0.007798,0.002705
