match_id,match_date,kickoff_utc,home_team,away_team,prov_score,updated_at
D1_2026-09-11_Union-Berlin_Schalke-04,2026-09-11,2026-09-11T18:30,Union Berlin,Schalke 04,1-3,2026-09-10T22:16:28+00:00
F1_2026-09-11_Rennes_Marseille,2026-09-11,2026-09-11T18:45,Rennes,Marseille,1-0,2026-09-10T22:16:28+00:00
I1_2026-09-11_Venezia_Fiorentina,2026-09-11,2026-09-11T18:45,Venezia,Fiorentina,2-4,2026-09-10T22:16:28+00:00
SP1_2026-09-11_Sevilla_Valencia,2026-09-11,2026-09-11T19:00,Sevilla,Valencia,1-0,2026-09-10T22:16:28+00:00
D1_2026-09-12_Augsburg_Leverkusen,2026-09-12,2026-09-12T13:30,Augsburg,Leverkusen,2-2,2026-09-10T22:16:28+00:00
D1_2026-09-12_Dortmund_Paderborn,2026-09-12,2026-09-12T13:30,Dortmund,Paderborn,3-0,2026-09-10T22:16:28+00:00
D1_2026-09-12_FC-Koln_Werder-Bremen,2026-09-12,2026-09-12T16:30,FC Koln,Werder Bremen,1-1,2026-09-10T22:16:28+00:00
D1_2026-09-12_Freiburg_M'gladbach,2026-09-12,2026-09-12T13:30,Freiburg,M'gladbach,5-0,2026-09-10T22:16:28+00:00
D1_2026-09-12_Hoffenheim_Stuttgart,2026-09-12,2026-09-12T13:30,Hoffenheim,Stuttgart,2-1,2026-09-10T22:16:28+00:00
D1_2026-09-12_Mainz_Ein-Frankfurt,2026-09-12,2026-09-12T13:30,Mainz,Ein Frankfurt,1-3,2026-09-10T22:16:28+00:00
E0_2026-09-12_Aston-Villa_Nott'm-Forest,2026-09-12,2026-09-12T14:00,Aston Villa,Nott'm Forest,1-2,2026-09-10T22:16:28+00:00
E0_2026-09-12_Bournemouth_Brentford,2026-09-12,2026-09-12T14:00,Bournemouth,Brentford,2-2,2026-09-10T22:16:28+00:00
E0_2026-09-12_Chelsea_Hull,2026-09-12,2026-09-12T14:00,Chelsea,Hull,2-2,2026-09-10T22:16:28+00:00
E0_2026-09-12_Crystal-Palace_Ipswich,2026-09-12,2026-09-12T14:00,Crystal Palace,Ipswich,2-3,2026-09-10T22:16:28+00:00
E0_2026-09-12_Liverpool_Fulham,2026-09-12,2026-09-12T14:00,Liverpool,Fulham,0-0,2026-09-10T22:16:28+00:00
E0_2026-09-12_Sunderland_Arsenal,2026-09-12,2026-09-12T19:00,Sunderland,Arsenal,0-2,2026-09-10T22:16:28+00:00
E0_2026-09-12_Tottenham_Everton,2026-09-12,2026-09-12T16:30,Tottenham,Everton,0-0,2026-09-10T22:16:28+00:00
F1_2026-09-12_Auxerre_Nice,2026-09-12,2026-09-12T18:45,Auxerre,Nice,1-0,2026-09-10T22:16:28+00:00
F1_2026-09-12_Le-Havre_Angers,2026-09-12,2026-09-12T18:45,Le Havre,Angers,0-0,2026-09-10T22:16:28+00:00
F1_2026-09-12_Lorient_Toulouse,2026-09-12,2026-09-12T18:45,Lorient,Toulouse,2-2,2026-09-10T22:16:28+00:00
F1_2026-09-12_Paris-FC_Lyon,2026-09-12,2026-09-12T18:45,Paris FC,Lyon,0-0,2026-09-10T22:16:28+00:00
F1_2026-09-12_Strasbourg_Monaco,2026-09-12,2026-09-12T15:15,Strasbourg,Monaco,1-1,2026-09-10T22:16:28+00:00
I1_2026-09-12_Atalanta_Cagliari,2026-09-12,2026-09-12T18:45,Atalanta,Cagliari,1-2,2026-09-10T22:16:28+00:00
I1_2026-09-12_Genoa_Frosinone,2026-09-12,2026-09-12T13:00,Genoa,Frosinone,1-1,2026-09-10T22:16:28+00:00
I1_2026-09-12_Lazio_Milan,2026-09-12,2026-09-12T16:00,Lazio,Milan,2-2,2026-09-10T22:16:28+00:00
SP1_2026-09-12_Ath-Bilbao_Elche,2026-09-12,2026-09-12T16:30,Ath Bilbao,Elche,1-1,2026-09-10T22:16:28+00:00
SP1_2026-09-12_Osasuna_Espanol,2026-09-12,2026-09-12T14:15,Osasuna,Espanol,0-2,2026-09-10T22:16:28+00:00
SP1_2026-09-12_Real-Madrid_Vallecano,2026-09-12,2026-09-12T19:00,Real Madrid,Vallecano,4-1,2026-09-10T22:16:28+00:00
SP1_2026-09-12_Santander_Alaves,2026-09-12,2026-09-12T12:00,Santander,Alaves,2-1,2026-09-10T22:16:28+00:00
D1_2026-09-13_Elversberg_Bayern-Munich,2026-09-13,2026-09-13T15:30,Elversberg,Bayern Munich,1-2,2026-09-10T22:16:28+00:00
D1_2026-09-13_RB-Leipzig_Hamburg,2026-09-13,2026-09-13T13:30,RB Leipzig,Hamburg,5-0,2026-09-10T22:16:28+00:00
E0_2026-09-13_Coventry_Brighton,2026-09-13,2026-09-13T13:00,Coventry,Brighton,0-5,2026-09-10T22:16:28+00:00
E0_2026-09-13_Man-United_Man-City,2026-09-13,2026-09-13T15:30,Man United,Man City,0-1,2026-09-10T22:16:28+00:00
F1_2026-09-13_Brest_Paris-SG,2026-09-13,2026-09-13T18:45,Brest,Paris SG,0-1,2026-09-10T22:16:28+00:00
F1_2026-09-13_Le-Mans_Lens,2026-09-13,2026-09-13T15:15,Le Mans,Lens,2-2,2026-09-10T22:16:28+00:00
F1_2026-09-13_Lille_Troyes,2026-09-13,2026-09-13T13:00,Lille,Troyes,2-0,2026-09-10T22:16:28+00:00
I1_2026-09-13_Lecce_Monza,2026-09-13,2026-09-13T13:00,Lecce,Monza,3-2,2026-09-10T22:16:28+00:00
I1_2026-09-13_Napoli_Bologna,2026-09-13,2026-09-13T16:00,Napoli,Bologna,1-0,2026-09-10T22:16:28+00:00
I1_2026-09-13_Sassuolo_Juventus,2026-09-13,2026-09-13T18:45,Sassuolo,Juventus,3-2,2026-09-10T22:16:28+00:00
SP1_2026-09-13_Celta_Malaga,2026-09-13,2026-09-13T12:00,Celta,Malaga,1-1,2026-09-10T22:16:28+00:00
SP1_2026-09-13_Getafe_La-Coruna,2026-09-13,2026-09-13T16:30,Getafe,La Coruna,1-1,2026-09-10T22:16:28+00:00
SP1_2026-09-13_Levante_Barcelona,2026-09-13,2026-09-13T14:15,Levante,Barcelona,2-4,2026-09-10T22:16:28+00:00
SP1_2026-09-13_Sociedad_Ath-Madrid,2026-09-13,2026-09-13T19:00,Sociedad,Ath Madrid,0-3,2026-09-10T22:16:28+00:00
E0_2026-09-14_Leeds_Newcastle,2026-09-14,2026-09-14T19:00,Leeds,Newcastle,4-1,2026-09-11T00:02:39+00:00
I1_2026-09-14_Como_Parma,2026-09-14,2026-09-14T16:30,Como,Parma,2-1,2026-09-11T00:02:39+00:00
I1_2026-09-14_Inter_Udinese,2026-09-14,2026-09-14T18:45,Inter,Udinese,5-3,2026-09-11T00:02:39+00:00
I1_2026-09-14_Torino_Roma,2026-09-14,2026-09-14T16:30,Torino,Roma,0-2,2026-09-11T00:02:39+00:00
SP1_2026-09-14_Villarreal_Betis,2026-09-14,2026-09-14T19:00,Villarreal,Betis,1-2,2026-09-11T00:02:39+00:00
SP1_2026-09-15_Alaves_Valencia,2026-09-15,2026-09-15T18:00,Alaves,Valencia,0-1,2026-09-12T05:19:20+00:00
SP1_2026-09-15_Elche_Real-Madrid,2026-09-15,2026-09-15T19:30,Elche,Real Madrid,2-3,2026-09-12T05:19:20+00:00
SP1_2026-09-15_Vallecano_Espanol,2026-09-15,2026-09-15T17:00,Vallecano,Espanol,2-1,2026-09-12T05:19:20+00:00
SP1_2026-09-16_Ath-Madrid_Osasuna,2026-09-16,2026-09-16T17:00,Ath Madrid,Osasuna,4-0,2026-09-13T05:34:03+00:00
SP1_2026-09-16_Barcelona_Santander,2026-09-16,2026-09-16T19:30,Barcelona,Santander,7-2,2026-09-13T05:34:03+00:00
SP1_2026-09-16_La-Coruna_Sevilla,2026-09-16,2026-09-16T17:00,La Coruna,Sevilla,0-1,2026-09-13T05:34:03+00:00
SP1_2026-09-16_Levante_Ath-Bilbao,2026-09-16,2026-09-16T19:30,Levante,Ath Bilbao,,2026-09-13T05:34:03+00:00
SP1_2026-09-17_Betis_Getafe,2026-09-17,2026-09-17T17:00,Betis,Getafe,1-0,2026-09-14T05:39:02+00:00
SP1_2026-09-17_Malaga_Villarreal,2026-09-17,2026-09-17T19:30,Malaga,Villarreal,1-3,2026-09-14T05:39:02+00:00
D1_2026-09-18_Bayern-Munich_Union-Berlin,2026-09-18,2026-09-18T18:30,Bayern Munich,Union Berlin,7-0,2026-09-15T05:40:54+00:00
E0_2026-09-18_Brentford_Chelsea,2026-09-18,2026-09-18T19:00,Brentford,Chelsea,3-0,2026-09-15T05:40:54+00:00
F1_2026-09-18_Monaco_Lens,2026-09-18,2026-09-18T18:45,Monaco,Lens,2-1,2026-09-15T05:40:54+00:00
I1_2026-09-18_Monza_Sassuolo,2026-09-18,2026-09-18T18:45,Monza,Sassuolo,2-1,2026-09-15T05:40:54+00:00
SP1_2026-09-18_Espanol_Elche,2026-09-18,2026-09-18T19:00,Espanol,Elche,1-3,2026-09-15T05:40:54+00:00
D1_2026-09-19_Ein-Frankfurt_Freiburg,2026-09-19,2026-09-19T13:30,Ein Frankfurt,Freiburg,2-2,2026-09-16T05:34:16+00:00
D1_2026-09-19_Hamburg_FC-Koln,2026-09-19,2026-09-19T13:30,Hamburg,FC Koln,2-1,2026-09-16T05:34:16+00:00
D1_2026-09-19_M'gladbach_Mainz,2026-09-19,2026-09-19T13:30,M'gladbach,Mainz,3-4,2026-09-16T05:34:16+00:00
D1_2026-09-19_Stuttgart_Dortmund,2026-09-19,2026-09-19T16:30,Stuttgart,Dortmund,0-1,2026-09-16T05:34:16+00:00
D1_2026-09-19_Werder-Bremen_Augsburg,2026-09-19,2026-09-19T13:30,Werder Bremen,Augsburg,3-2,2026-09-16T05:34:16+00:00
E0_2026-09-19_Brighton_Arsenal,2026-09-19,2026-09-19T14:00,Brighton,Arsenal,3-0,2026-09-16T05:34:16+00:00
E0_2026-09-19_Everton_Ipswich,2026-09-19,2026-09-19T14:00,Everton,Ipswich,1-0,2026-09-16T05:34:16+00:00
E0_2026-09-19_Newcastle_Hull,2026-09-19,2026-09-19T14:00,Newcastle,Hull,2-1,2026-09-16T05:34:16+00:00
E0_2026-09-19_Nott'm-Forest_Coventry,2026-09-19,2026-09-19T16:30,Nott'm Forest,Coventry,0-1,2026-09-16T05:34:16+00:00
E0_2026-09-19_Tottenham_Aston-Villa,2026-09-19,2026-09-19T11:30,Tottenham,Aston Villa,2-3,2026-09-16T05:34:16+00:00
F1_2026-09-19_Angers_Troyes,2026-09-19,2026-09-19T18:45,Angers,Troyes,2-0,2026-09-16T05:34:16+00:00
F1_2026-09-19_Le-Mans_Lorient,2026-09-19,2026-09-19T18:45,Le Mans,Lorient,2-1,2026-09-16T05:34:16+00:00
F1_2026-09-19_Lyon_Rennes,2026-09-19,2026-09-19T18:45,Lyon,Rennes,4-0,2026-09-16T05:34:16+00:00
F1_2026-09-19_Paris-FC_Strasbourg,2026-09-19,2026-09-19T15:15,Paris FC,Strasbourg,2-1,2026-09-16T05:34:16+00:00
F1_2026-09-19_Toulouse_Le-Havre,2026-09-19,2026-09-19T18:45,Toulouse,Le Havre,3-2,2026-09-16T05:34:16+00:00
I1_2026-09-19_Bologna_Torino,2026-09-19,2026-09-19T13:00,Bologna,Torino,1-1,2026-09-16T05:34:16+00:00
I1_2026-09-19_Roma_Inter,2026-09-19,2026-09-19T16:00,Roma,Inter,2-2,2026-09-16T05:34:16+00:00
I1_2026-09-19_Udinese_Cagliari,2026-09-19,2026-09-19T13:00,Udinese,Cagliari,0-1,2026-09-16T05:34:16+00:00
I1_2026-09-19_Venezia_Lazio,2026-09-19,2026-09-19T18:45,Venezia,Lazio,0-2,2026-09-16T05:34:16+00:00
SP1_2026-09-19_Ath-Bilbao_Alaves,2026-09-19,2026-09-19T14:15,Ath Bilbao,Alaves,0-0,2026-09-16T05:34:16+00:00
SP1_2026-09-19_Celta_Santander,2026-09-19,2026-09-19T16:30,Celta,Santander,5-0,2026-09-16T05:34:16+00:00
SP1_2026-09-19_Osasuna_Vallecano,2026-09-19,2026-09-19T12:00,Osasuna,Vallecano,1-1,2026-09-16T05:34:16+00:00
SP1_2026-09-19_Sevilla_Barcelona,2026-09-19,2026-09-19T19:00,Sevilla,Barcelona,1-3,2026-09-16T05:34:16+00:00
D1_2026-09-20_Leverkusen_RB-Leipzig,2026-09-20,2026-09-20T13:30,Leverkusen,RB Leipzig,2-0,2026-09-17T19:58:57+00:00
D1_2026-09-20_Paderborn_Hoffenheim,2026-09-20,2026-09-20T17:30,Paderborn,Hoffenheim,3-1,2026-09-17T19:58:57+00:00
D1_2026-09-20_Schalke-04_Elversberg,2026-09-20,2026-09-20T15:30,Schalke 04,Elversberg,0-0,2026-09-17T19:58:57+00:00
E0_2026-09-20_Bournemouth_Liverpool,2026-09-20,2026-09-20T13:00,Bournemouth,Liverpool,0-1,2026-09-17T19:58:57+00:00
E0_2026-09-20_Fulham_Man-United,2026-09-20,2026-09-20T15:30,Fulham,Man United,1-1,2026-09-17T19:58:57+00:00
E0_2026-09-20_Leeds_Crystal-Palace,2026-09-20,2026-09-20T13:00,Leeds,Crystal Palace,0-0,2026-09-17T19:58:57+00:00
E0_2026-09-20_Man-City_Sunderland,2026-09-20,2026-09-20T13:00,Man City,Sunderland,5-3,2026-09-17T19:58:57+00:00
F1_2026-09-20_Auxerre_Brest,2026-09-20,2026-09-20T13:00,Auxerre,Brest,2-1,2026-09-17T19:58:57+00:00
F1_2026-09-20_Marseille_Paris-SG,2026-09-20,2026-09-20T18:45,Marseille,Paris SG,1-2,2026-09-17T19:58:57+00:00
F1_2026-09-20_Nice_Lille,2026-09-20,2026-09-20T15:15,Nice,Lille,2-1,2026-09-17T19:58:57+00:00
I1_2026-09-20_Fiorentina_Napoli,2026-09-20,2026-09-20T10:30,Fiorentina,Napoli,1-1,2026-09-17T19:58:57+00:00
I1_2026-09-20_Frosinone_Como,2026-09-20,2026-09-20T13:00,Frosinone,Como,2-0,2026-09-17T19:58:57+00:00
I1_2026-09-20_Juventus_Atalanta,2026-09-20,2026-09-20T16:00,Juventus,Atalanta,2-0,2026-09-17T19:58:57+00:00
I1_2026-09-20_Milan_Lecce,2026-09-20,2026-09-20T18:45,Milan,Lecce,3-0,2026-09-17T19:58:57+00:00
I1_2026-09-20_Parma_Genoa,2026-09-20,2026-09-20T13:00,Parma,Genoa,2-1,2026-09-17T19:58:57+00:00
SP1_2026-09-20_Ath-Madrid_Real-Madrid,2026-09-20,2026-09-20T14:15,Ath Madrid,Real Madrid,2-1,2026-09-17T19:58:57+00:00
SP1_2026-09-20_Getafe_Malaga,2026-09-20,2026-09-20T12:00,Getafe,Malaga,1-0,2026-09-17T19:58:57+00:00
SP1_2026-09-20_La-Coruna_Betis,2026-09-20,2026-09-20T16:30,La Coruna,Betis,1-1,2026-09-17T19:58:57+00:00
SP1_2026-09-20_Valencia_Sociedad,2026-09-20,2026-09-20T19:00,Valencia,Sociedad,2-3,2026-09-17T19:58:57+00:00
SP1_2026-09-20_Villarreal_Levante,2026-09-20,2026-09-20T16:30,Villarreal,Levante,3-1,2026-09-17T19:58:57+00:00
D1_2026-10-09_Augsburg_Bayern-Munich,2026-10-09,,Augsburg,Bayern Munich,,2026-10-06T01:38:34+00:00
D1_2026-10-09_Dortmund_Werder-Bremen,2026-10-09,,Dortmund,Werder Bremen,,2026-10-06T01:38:34+00:00
D1_2026-10-09_FC-Koln_M'gladbach,2026-10-09,,FC Koln,M'gladbach,,2026-10-06T01:38:34+00:00
D1_2026-10-09_Freiburg_Schalke-04,2026-10-09,,Freiburg,Schalke 04,,2026-10-06T01:38:34+00:00
D1_2026-10-09_Hoffenheim_Hamburg,2026-10-09,,Hoffenheim,Hamburg,,2026-10-06T01:38:34+00:00
D1_2026-10-09_Mainz_Leverkusen,2026-10-09,,Mainz,Leverkusen,,2026-10-06T01:38:34+00:00
D1_2026-10-09_Paderborn_Stuttgart,2026-10-09,,Paderborn,Stuttgart,,2026-10-06T01:38:34+00:00
D1_2026-10-09_RB-Leipzig_Ein-Frankfurt,2026-10-09,,RB Leipzig,Ein Frankfurt,,2026-10-06T01:38:34+00:00
D1_2026-10-09_Union-Berlin_Elversberg,2026-10-09,,Union Berlin,Elversberg,,2026-10-06T01:38:34+00:00
F1_2026-10-09_Lens_Lyon,2026-10-09,2026-10-09T18:45,Lens,Lyon,,2026-10-06T01:38:34+00:00
SP1_2026-10-09_Malaga_Espanol,2026-10-09,2026-10-09T19:00,Malaga,Espanol,,2026-10-06T01:38:34+00:00
E0_2026-10-10_Arsenal_Leeds,2026-10-10,2026-10-10T11:30,Arsenal,Leeds,,2026-10-07T00:18:32+00:00
E0_2026-10-10_Aston-Villa_Brentford,2026-10-10,2026-10-10T14:00,Aston Villa,Brentford,,2026-10-07T00:18:32+00:00
E0_2026-10-10_Chelsea_Bournemouth,2026-10-10,2026-10-10T14:00,Chelsea,Bournemouth,,2026-10-07T00:18:32+00:00
E0_2026-10-10_Ipswich_Fulham,2026-10-10,2026-10-10T14:00,Ipswich,Fulham,,2026-10-07T00:18:32+00:00
E0_2026-10-10_Man-United_Tottenham,2026-10-10,2026-10-10T16:30,Man United,Tottenham,,2026-10-07T00:18:32+00:00
E0_2026-10-10_Sunderland_Brighton,2026-10-10,2026-10-10T14:00,Sunderland,Brighton,,2026-10-07T00:18:32+00:00
F1_2026-10-10_Brest_Angers,2026-10-10,2026-10-10T18:45,Brest,Angers,,2026-10-07T00:18:32+00:00
F1_2026-10-10_Lille_Le-Havre,2026-10-10,2026-10-10T15:15,Lille,Le Havre,,2026-10-07T00:18:32+00:00
F1_2026-10-10_Lorient_Paris-FC,2026-10-10,2026-10-10T18:45,Lorient,Paris FC,,2026-10-07T00:18:32+00:00
F1_2026-10-10_Monaco_Toulouse,2026-10-10,2026-10-10T18:45,Monaco,Toulouse,,2026-10-07T00:18:32+00:00
F1_2026-10-10_Paris-SG_Le-Mans,2026-10-10,2026-10-10T18:45,Paris SG,Le Mans,,2026-10-07T00:18:32+00:00
I1_2026-10-10_Genoa_Fiorentina,2026-10-10,2026-10-10T13:00,Genoa,Fiorentina,,2026-10-07T00:18:32+00:00
I1_2026-10-10_Inter_Parma,2026-10-10,2026-10-10T16:00,Inter,Parma,,2026-10-07T00:18:32+00:00
I1_2026-10-10_Napoli_Frosinone,2026-10-10,2026-10-10T18:45,Napoli,Frosinone,,2026-10-07T00:18:32+00:00
SP1_2026-10-10_Alaves_Ath-Madrid,2026-10-10,2026-10-10T14:15,Alaves,Ath Madrid,,2026-10-07T00:18:32+00:00
SP1_2026-10-10_Barcelona_Getafe,2026-10-10,2026-10-10T16:30,Barcelona,Getafe,,2026-10-07T00:18:32+00:00
SP1_2026-10-10_Real-Madrid_Villarreal,2026-10-10,2026-10-10T19:00,Real Madrid,Villarreal,,2026-10-07T00:18:32+00:00
SP1_2026-10-10_Vallecano_Ath-Bilbao,2026-10-10,2026-10-10T12:00,Vallecano,Ath Bilbao,,2026-10-07T00:18:32+00:00
E0_2026-10-11_Crystal-Palace_Nott'm-Forest,2026-10-11,2026-10-11T13:00,Crystal Palace,Nott'm Forest,,2026-10-08T06:56:07+00:00
E0_2026-10-11_Hull_Everton,2026-10-11,2026-10-11T13:00,Hull,Everton,,2026-10-08T06:56:07+00:00
E0_2026-10-11_Liverpool_Man-City,2026-10-11,2026-10-11T15:30,Liverpool,Man City,,2026-10-08T06:56:07+00:00
F1_2026-10-11_Nice_Strasbourg,2026-10-11,2026-10-11T13:00,Nice,Strasbourg,,2026-10-08T06:56:07+00:00
F1_2026-10-11_Rennes_Auxerre,2026-10-11,2026-10-11T15:15,Rennes,Auxerre,,2026-10-08T06:56:07+00:00
F1_2026-10-11_Troyes_Marseille,2026-10-11,2026-10-11T18:45,Troyes,Marseille,,2026-10-08T06:56:07+00:00
I1_2026-10-11_Cagliari_Juventus,2026-10-11,2026-10-11T18:45,Cagliari,Juventus,,2026-10-08T06:56:07+00:00
I1_2026-10-11_Como_Roma,2026-10-11,2026-10-11T10:30,Como,Roma,,2026-10-08T06:56:07+00:00
I1_2026-10-11_Lazio_Monza,2026-10-11,2026-10-11T13:00,Lazio,Monza,,2026-10-08T06:56:07+00:00
I1_2026-10-11_Lecce_Bologna,2026-10-11,2026-10-11T13:00,Lecce,Bologna,,2026-10-08T06:56:07+00:00
I1_2026-10-11_Sassuolo_Milan,2026-10-11,2026-10-11T16:00,Sassuolo,Milan,,2026-10-08T06:56:07+00:00
SP1_2026-10-11_Betis_Osasuna,2026-10-11,2026-10-11T16:30,Betis,Osasuna,,2026-10-08T06:56:07+00:00
SP1_2026-10-11_Elche_Celta,2026-10-11,2026-10-11T12:00,Elche,Celta,,2026-10-08T06:56:07+00:00
SP1_2026-10-11_Santander_Valencia,2026-10-11,2026-10-11T19:00,Santander,Valencia,,2026-10-08T06:56:07+00:00
SP1_2026-10-11_Sociedad_La-Coruna,2026-10-11,2026-10-11T14:15,Sociedad,La Coruna,,2026-10-08T06:56:07+00:00
