match_id,match_date,home_team,away_team,pre_h,pre_d,pre_a,pre_o25,pre_u25,file_modified,fetched_at
D1_2026-09-12_FC-Koln_Werder-Bremen,2026-09-12,FC Koln,Werder Bremen,0.453329,0.251579,0.295092,0.610687,0.389313,2026-09-11T07:17:14+00:00,2026-09-12T14:52:27+00:00
D1_2026-09-13_RB-Leipzig_Hamburg,2026-09-13,RB Leipzig,Hamburg,0.697506,0.178370,0.124125,0.672170,0.327830,2026-09-11T07:17:14+00:00,2026-09-12T14:52:27+00:00
D1_2026-09-13_Elversberg_Bayern-Munich,2026-09-13,Elversberg,Bayern Munich,0.073348,0.112174,0.814479,0.808264,0.191736,2026-09-11T07:17:14+00:00,2026-09-12T14:52:27+00:00
E0_2026-09-12_Tottenham_Everton,2026-09-12,Tottenham,Everton,0.467016,0.267245,0.265739,0.491979,0.508021,2026-09-11T07:17:14+00:00,2026-09-12T14:52:27+00:00
E0_2026-09-12_Sunderland_Arsenal,2026-09-12,Sunderland,Arsenal,0.127755,0.228222,0.644023,0.462766,0.537234,2026-09-11T07:17:14+00:00,2026-09-12T14:52:27+00:00
E0_2026-09-13_Coventry_Brighton,2026-09-13,Coventry,Brighton,0.240282,0.251878,0.507840,0.541333,0.458667,2026-09-11T07:17:14+00:00,2026-09-12T14:52:27+00:00
E0_2026-09-13_Man-United_Man-City,2026-09-13,Man United,Man City,0.304740,0.248307,0.446953,0.624060,0.375940,2026-09-11T07:17:14+00:00,2026-09-12T14:52:27+00:00
E0_2026-09-14_Leeds_Newcastle,2026-09-14,Leeds,Newcastle,0.394193,0.271936,0.333871,0.533333,0.466667,2026-09-11T07:17:14+00:00,2026-09-12T14:52:27+00:00
F1_2026-09-12_Strasbourg_Monaco,2026-09-12,Strasbourg,Monaco,0.311398,0.252644,0.435958,0.606138,0.393862,2026-09-11T07:17:14+00:00,2026-09-12T14:52:27+00:00
F1_2026-09-12_Auxerre_Nice,2026-09-12,Auxerre,Nice,0.370051,0.283111,0.346838,0.490617,0.509383,2026-09-11T07:17:14+00:00,2026-09-12T14:52:27+00:00
F1_2026-09-12_Le-Havre_Angers,2026-09-12,Le Havre,Angers,0.380736,0.291779,0.327486,0.460106,0.539894,2026-09-11T07:17:14+00:00,2026-09-12T14:52:27+00:00
F1_2026-09-12_Lorient_Toulouse,2026-09-12,Lorient,Toulouse,0.366169,0.284058,0.349773,0.491979,0.508021,2026-09-11T07:17:14+00:00,2026-09-12T14:52:27+00:00
F1_2026-09-12_Paris-FC_Lyon,2026-09-12,Paris FC,Lyon,0.358093,0.262068,0.379839,0.570681,0.429319,2026-09-11T07:17:14+00:00,2026-09-12T14:52:27+00:00
F1_2026-09-13_Lille_Troyes,2026-09-13,Lille,Troyes,0.673295,0.199548,0.127158,0.562005,0.437995,2026-09-11T07:17:14+00:00,2026-09-12T14:52:27+00:00
F1_2026-09-13_Le-Mans_Lens,2026-09-13,Le Mans,Lens,0.196267,0.232884,0.570849,0.572178,0.427822,2026-09-11T07:17:14+00:00,2026-09-12T14:52:27+00:00
F1_2026-09-13_Brest_Paris-SG,2026-09-13,Brest,Paris SG,0.094740,0.158706,0.746554,0.671395,0.328605,2026-09-11T07:17:14+00:00,2026-09-12T14:52:27+00:00
I1_2026-09-12_Lazio_Milan,2026-09-12,Lazio,Milan,0.287924,0.294203,0.417873,0.423377,0.576623,2026-09-11T07:17:14+00:00,2026-09-12T14:52:27+00:00
I1_2026-09-12_Atalanta_Cagliari,2026-09-12,Atalanta,Cagliari,0.600016,0.237286,0.162699,0.493333,0.506667,2026-09-11T07:17:14+00:00,2026-09-12T14:52:27+00:00
I1_2026-09-13_Lecce_Monza,2026-09-13,Lecce,Monza,0.360143,0.303033,0.336824,0.424479,0.575521,2026-09-11T07:17:14+00:00,2026-09-12T14:52:27+00:00
I1_2026-09-13_Napoli_Bologna,2026-09-13,Napoli,Bologna,0.535758,0.265603,0.198639,0.456233,0.543767,2026-09-11T07:17:14+00:00,2026-09-12T14:52:27+00:00
I1_2026-09-13_Sassuolo_Juventus,2026-09-13,Sassuolo,Juventus,0.183151,0.238003,0.578846,0.525333,0.474667,2026-09-11T07:17:14+00:00,2026-09-12T14:52:27+00:00
I1_2026-09-14_Como_Parma,2026-09-14,Como,Parma,0.768659,0.160028,0.071313,0.557895,0.442105,2026-09-11T07:17:14+00:00,2026-09-12T14:52:27+00:00
I1_2026-09-14_Torino_Roma,2026-09-14,Torino,Roma,0.164071,0.235388,0.600541,0.526738,0.473262,2026-09-11T07:17:14+00:00,2026-09-12T14:52:27+00:00
I1_2026-09-14_Inter_Udinese,2026-09-14,Inter,Udinese,0.754271,0.161169,0.084560,0.612658,0.387342,2026-09-11T07:17:14+00:00,2026-09-12T14:52:27+00:00
SP1_2026-09-12_Ath-Bilbao_Elche,2026-09-12,Ath Bilbao,Elche,0.671171,0.200074,0.128755,0.560526,0.439474,2026-09-11T07:17:14+00:00,2026-09-12T14:52:27+00:00
SP1_2026-09-12_Real-Madrid_Vallecano,2026-09-12,Real Madrid,Vallecano,0.845374,0.103572,0.051054,0.744422,0.255578,2026-09-11T07:17:14+00:00,2026-09-12T14:52:27+00:00
SP1_2026-09-13_Celta_Malaga,2026-09-13,Celta,Malaga,0.550279,0.258418,0.191303,0.458667,0.541333,2026-09-11T07:17:14+00:00,2026-09-12T14:52:27+00:00
SP1_2026-09-13_Levante_Barcelona,2026-09-13,Levante,Barcelona,0.064907,0.118955,0.816137,0.747984,0.252016,2026-09-11T07:17:14+00:00,2026-09-12T14:52:27+00:00
SP1_2026-09-13_Getafe_La-Coruna,2026-09-13,Getafe,La Coruna,0.389064,0.334678,0.276258,0.310502,0.689498,2026-09-11T07:17:14+00:00,2026-09-12T14:52:27+00:00
SP1_2026-09-13_Sociedad_Ath-Madrid,2026-09-13,Sociedad,Ath Madrid,0.332976,0.268869,0.398155,0.569554,0.430446,2026-09-11T07:17:14+00:00,2026-09-12T14:52:27+00:00
SP1_2026-09-14_Villarreal_Betis,2026-09-14,Villarreal,Betis,0.496185,0.246128,0.257687,0.605128,0.394872,2026-09-11T07:17:14+00:00,2026-09-12T14:52:27+00:00
SP1_2026-09-15_Vallecano_Espanol,2026-09-15,Vallecano,Espanol,0.409573,0.279530,0.310897,0.500000,0.500000,2026-09-15T11:00:05+00:00,2026-09-15T14:05:49+00:00
SP1_2026-09-15_Alaves_Valencia,2026-09-15,Alaves,Valencia,0.546158,0.270731,0.183111,0.456233,0.543767,2026-09-15T11:00:05+00:00,2026-09-15T14:05:49+00:00
SP1_2026-09-15_Elche_Real-Madrid,2026-09-15,Elche,Real Madrid,0.081466,0.128317,0.790217,0.725159,0.274841,2026-09-15T11:00:05+00:00,2026-09-15T14:05:49+00:00
SP1_2026-09-16_Ath-Madrid_Osasuna,2026-09-16,Ath Madrid,Osasuna,0.682027,0.198985,0.118988,0.550265,0.449735,2026-09-15T11:00:05+00:00,2026-09-15T14:05:49+00:00
SP1_2026-09-16_La-Coruna_Sevilla,2026-09-16,La Coruna,Sevilla,0.383984,0.303471,0.312545,0.420366,0.579634,2026-09-15T11:00:05+00:00,2026-09-15T14:05:49+00:00
SP1_2026-09-16_Barcelona_Santander,2026-09-16,Barcelona,Santander,0.892456,0.068501,0.039043,0.851552,0.148448,2026-09-15T11:00:05+00:00,2026-09-15T14:05:49+00:00
SP1_2026-09-16_Levante_Ath-Bilbao,2026-09-16,Levante,Ath Bilbao,0.281224,0.272283,0.446493,0.518717,0.481283,2026-09-15T11:00:05+00:00,2026-09-15T14:05:49+00:00
SP1_2026-09-17_Betis_Getafe,2026-09-17,Betis,Getafe,0.569599,0.258050,0.172351,0.433071,0.566929,2026-09-15T11:00:05+00:00,2026-09-15T14:05:49+00:00
SP1_2026-09-17_Malaga_Villarreal,2026-09-17,Malaga,Villarreal,0.264815,0.253332,0.481853,0.580729,0.419271,2026-09-15T11:00:05+00:00,2026-09-15T14:05:49+00:00
D1_2026-09-18_Bayern-Munich_Union-Berlin,2026-09-18,Bayern Munich,Union Berlin,0.913690,0.057312,0.028997,0.868357,0.131643,2026-09-18T13:00:34+00:00,2026-09-18T13:19:00+00:00
D1_2026-09-19_Ein-Frankfurt_Freiburg,2026-09-19,Ein Frankfurt,Freiburg,0.396282,0.246761,0.356956,0.658654,0.341346,2026-09-18T13:00:34+00:00,2026-09-18T13:19:00+00:00
D1_2026-09-19_Hamburg_FC-Koln,2026-09-19,Hamburg,FC Koln,0.354586,0.258593,0.386821,0.596401,0.403599,2026-09-18T13:00:34+00:00,2026-09-18T13:19:00+00:00
D1_2026-09-19_M'gladbach_Mainz,2026-09-19,M'gladbach,Mainz,0.322495,0.256229,0.421277,0.616162,0.383838,2026-09-18T13:00:34+00:00,2026-09-18T13:19:00+00:00
D1_2026-09-19_Werder-Bremen_Augsburg,2026-09-19,Werder Bremen,Augsburg,0.412761,0.245280,0.341959,0.664286,0.335714,2026-09-18T13:00:34+00:00,2026-09-18T13:19:00+00:00
D1_2026-09-19_Stuttgart_Dortmund,2026-09-19,Stuttgart,Dortmund,0.397634,0.249579,0.352788,0.680556,0.319444,2026-09-18T13:00:34+00:00,2026-09-18T13:19:00+00:00
D1_2026-09-20_Leverkusen_RB-Leipzig,2026-09-20,Leverkusen,RB Leipzig,0.476451,0.231723,0.291826,0.703125,0.296875,2026-09-18T13:00:34+00:00,2026-09-18T13:19:00+00:00
D1_2026-09-20_Schalke-04_Elversberg,2026-09-20,Schalke 04,Elversberg,0.462889,0.255474,0.281637,0.628429,0.371571,2026-09-18T13:00:34+00:00,2026-09-18T13:19:00+00:00
D1_2026-09-20_Paderborn_Hoffenheim,2026-09-20,Paderborn,Hoffenheim,0.217145,0.215644,0.567210,0.671362,0.328638,2026-09-18T13:00:34+00:00,2026-09-18T13:19:00+00:00
E0_2026-09-18_Brentford_Chelsea,2026-09-18,Brentford,Chelsea,0.361721,0.256138,0.382141,0.636364,0.363636,2026-09-18T13:00:34+00:00,2026-09-18T13:19:00+00:00
E0_2026-09-19_Tottenham_Aston-Villa,2026-09-19,Tottenham,Aston Villa,0.475276,0.263454,0.261270,0.526596,0.473404,2026-09-18T13:00:34+00:00,2026-09-18T13:19:00+00:00
E0_2026-09-19_Brighton_Arsenal,2026-09-19,Brighton,Arsenal,0.197414,0.242073,0.560514,0.546419,0.453581,2026-09-18T13:00:34+00:00,2026-09-18T13:19:00+00:00
E0_2026-09-19_Everton_Ipswich,2026-09-19,Everton,Ipswich,0.535318,0.248591,0.216092,0.550265,0.449735,2026-09-18T13:00:34+00:00,2026-09-18T13:19:00+00:00
E0_2026-09-19_Newcastle_Hull,2026-09-19,Newcastle,Hull,0.594992,0.220678,0.184331,0.588083,0.411917,2026-09-18T13:00:34+00:00,2026-09-18T13:19:00+00:00
E0_2026-09-19_Nott'm-Forest_Coventry,2026-09-19,Nott'm Forest,Coventry,0.595865,0.234196,0.169940,0.534574,0.465426,2026-09-18T13:00:34+00:00,2026-09-18T13:19:00+00:00
E0_2026-09-20_Bournemouth_Liverpool,2026-09-20,Bournemouth,Liverpool,0.308756,0.249129,0.442115,0.624691,0.375309,2026-09-18T13:00:34+00:00,2026-09-18T13:19:00+00:00
E0_2026-09-20_Leeds_Crystal-Palace,2026-09-20,Leeds,Crystal Palace,0.541527,0.248617,0.209857,0.539894,0.460106,2026-09-18T13:00:34+00:00,2026-09-18T13:19:00+00:00
E0_2026-09-20_Man-City_Sunderland,2026-09-20,Man City,Sunderland,0.730250,0.169428,0.100322,0.597938,0.402062,2026-09-18T13:00:34+00:00,2026-09-18T13:19:00+00:00
E0_2026-09-20_Fulham_Man-United,2026-09-20,Fulham,Man United,0.278889,0.252578,0.468533,0.602564,0.397436,2026-09-18T13:00:34+00:00,2026-09-18T13:19:00+00:00
F1_2026-09-18_Monaco_Lens,2026-09-18,Monaco,Lens,0.469594,0.254416,0.275990,0.589147,0.410853,2026-09-18T13:00:34+00:00,2026-09-18T13:19:00+00:00
F1_2026-09-19_Paris-FC_Strasbourg,2026-09-19,Paris FC,Strasbourg,0.468781,0.255466,0.275753,0.580729,0.419271,2026-09-18T13:00:34+00:00,2026-09-18T13:19:00+00:00
F1_2026-09-19_Angers_Troyes,2026-09-19,Angers,Troyes,0.428178,0.283296,0.288526,0.473262,0.526738,2026-09-18T13:00:34+00:00,2026-09-18T13:19:00+00:00
F1_2026-09-19_Le-Mans_Lorient,2026-09-19,Le Mans,Lorient,0.355870,0.277138,0.366991,0.529412,0.470588,2026-09-18T13:00:34+00:00,2026-09-18T13:19:00+00:00
F1_2026-09-19_Lyon_Rennes,2026-09-19,Lyon,Rennes,0.446787,0.251017,0.302196,0.616162,0.383838,2026-09-18T13:00:34+00:00,2026-09-18T13:19:00+00:00
F1_2026-09-19_Toulouse_Le-Havre,2026-09-19,Toulouse,Le Havre,0.548333,0.248713,0.202954,0.524064,0.475936,2026-09-18T13:00:34+00:00,2026-09-18T13:19:00+00:00
F1_2026-09-20_Auxerre_Brest,2026-09-20,Auxerre,Brest,0.335644,0.267556,0.396800,0.532086,0.467914,2026-09-18T13:00:34+00:00,2026-09-18T13:19:00+00:00
F1_2026-09-20_Nice_Lille,2026-09-20,Nice,Lille,0.269210,0.271551,0.459240,0.501348,0.498652,2026-09-18T13:00:34+00:00,2026-09-18T13:19:00+00:00
F1_2026-09-20_Marseille_Paris-SG,2026-09-20,Marseille,Paris SG,0.139531,0.181013,0.679456,0.688787,0.311213,2026-09-18T13:00:34+00:00,2026-09-18T13:19:00+00:00
I1_2026-09-18_Monza_Sassuolo,2026-09-18,Monza,Sassuolo,0.349490,0.277536,0.372974,0.548813,0.451187,2026-09-18T13:00:34+00:00,2026-09-18T13:19:00+00:00
I1_2026-09-19_Bologna_Torino,2026-09-19,Bologna,Torino,0.487769,0.272079,0.240152,0.477333,0.522667,2026-09-18T13:00:34+00:00,2026-09-18T13:19:00+00:00
I1_2026-09-19_Udinese_Cagliari,2026-09-19,Udinese,Cagliari,0.419334,0.293013,0.287653,0.444737,0.555263,2026-09-18T13:00:34+00:00,2026-09-18T13:19:00+00:00
I1_2026-09-19_Roma_Inter,2026-09-19,Roma,Inter,0.359950,0.270220,0.369830,0.582902,0.417098,2026-09-18T13:00:34+00:00,2026-09-18T13:19:00+00:00
I1_2026-09-19_Venezia_Lazio,2026-09-19,Venezia,Lazio,0.257006,0.264205,0.478788,0.531915,0.468085,2026-09-18T13:00:34+00:00,2026-09-18T13:19:00+00:00
I1_2026-09-20_Fiorentina_Napoli,2026-09-20,Fiorentina,Napoli,0.298103,0.276999,0.424898,0.509333,0.490667,2026-09-18T13:00:34+00:00,2026-09-18T13:19:00+00:00
I1_2026-09-20_Frosinone_Como,2026-09-20,Frosinone,Como,0.164891,0.211580,0.623529,0.644608,0.355392,2026-09-18T13:00:34+00:00,2026-09-18T13:19:00+00:00
I1_2026-09-20_Parma_Genoa,2026-09-20,Parma,Genoa,0.307397,0.311482,0.381122,0.388325,0.611675,2026-09-18T13:00:34+00:00,2026-09-18T13:19:00+00:00
I1_2026-09-20_Juventus_Atalanta,2026-09-20,Juventus,Atalanta,0.556344,0.249396,0.194261,0.513369,0.486631,2026-09-18T13:00:34+00:00,2026-09-18T13:19:00+00:00
I1_2026-09-20_Milan_Lecce,2026-09-20,Milan,Lecce,0.750137,0.168041,0.081821,0.575521,0.424479,2026-09-18T13:00:34+00:00,2026-09-18T13:19:00+00:00
SP1_2026-09-18_Espanol_Elche,2026-09-18,Espanol,Elche,0.523682,0.262570,0.213748,0.525333,0.474667,2026-09-18T13:00:34+00:00,2026-09-18T13:19:00+00:00
SP1_2026-09-19_Osasuna_Vallecano,2026-09-19,Osasuna,Vallecano,0.394522,0.290125,0.315353,0.465426,0.534574,2026-09-18T13:00:34+00:00,2026-09-18T13:19:00+00:00
SP1_2026-09-19_Ath-Bilbao_Alaves,2026-09-19,Ath Bilbao,Alaves,0.577676,0.243311,0.179014,0.498660,0.501340,2026-09-18T13:00:34+00:00,2026-09-18T13:19:00+00:00
SP1_2026-09-19_Celta_Santander,2026-09-19,Celta,Santander,0.520731,0.244811,0.234458,0.574413,0.425587,2026-09-18T13:00:34+00:00,2026-09-18T13:19:00+00:00
SP1_2026-09-19_Sevilla_Barcelona,2026-09-19,Sevilla,Barcelona,0.079219,0.127262,0.793519,0.755424,0.244576,2026-09-18T13:00:34+00:00,2026-09-18T13:19:00+00:00
SP1_2026-09-20_Getafe_Malaga,2026-09-20,Getafe,Malaga,0.462064,0.308042,0.229894,0.350365,0.649635,2026-09-18T13:00:34+00:00,2026-09-18T13:19:00+00:00
SP1_2026-09-20_Ath-Madrid_Real-Madrid,2026-09-20,Ath Madrid,Real Madrid,0.273104,0.246512,0.480383,0.652913,0.347087,2026-09-18T13:00:34+00:00,2026-09-18T13:19:00+00:00
SP1_2026-09-20_La-Coruna_Betis,2026-09-20,La Coruna,Betis,0.281711,0.266462,0.451827,0.520107,0.479893,2026-09-18T13:00:34+00:00,2026-09-18T13:19:00+00:00
SP1_2026-09-20_Villarreal_Levante,2026-09-20,Villarreal,Levante,0.627608,0.203290,0.169102,0.638614,0.361386,2026-09-18T13:00:34+00:00,2026-09-18T13:19:00+00:00
SP1_2026-09-20_Valencia_Sociedad,2026-09-20,Valencia,Sociedad,0.349224,0.279379,0.371397,0.495979,0.504021,2026-09-18T13:00:34+00:00,2026-09-18T13:19:00+00:00
D1_2026-10-09_Dortmund_Werder-Bremen,2026-10-09,Dortmund,Werder Bremen,0.714823,0.169402,0.115775,0.685057,0.314943,2026-10-09T09:20:28+00:00,2026-10-09T15:44:16+00:00
E0_2026-10-10_Arsenal_Leeds,2026-10-10,Arsenal,Leeds,0.683243,0.197254,0.119503,0.522667,0.477333,2026-10-09T09:20:28+00:00,2026-10-09T15:44:16+00:00
E0_2026-10-10_Aston-Villa_Brentford,2026-10-10,Aston Villa,Brentford,0.359703,0.269264,0.371033,0.558201,0.441799,2026-10-09T09:20:28+00:00,2026-10-09T15:44:16+00:00
E0_2026-10-10_Chelsea_Bournemouth,2026-10-10,Chelsea,Bournemouth,0.567941,0.223939,0.208120,0.637037,0.362963,2026-10-09T09:20:28+00:00,2026-10-09T15:44:16+00:00
E0_2026-10-10_Ipswich_Fulham,2026-10-10,Ipswich,Fulham,0.341694,0.270017,0.388289,0.545213,0.454787,2026-10-09T09:20:28+00:00,2026-10-09T15:44:16+00:00
E0_2026-10-10_Sunderland_Brighton,2026-10-10,Sunderland,Brighton,0.319946,0.271079,0.408975,0.529255,0.470745,2026-10-09T09:20:28+00:00,2026-10-09T15:44:16+00:00
E0_2026-10-10_Man-United_Tottenham,2026-10-10,Man United,Tottenham,0.557731,0.226578,0.215690,0.628429,0.371571,2026-10-09T09:20:28+00:00,2026-10-09T15:44:16+00:00
E0_2026-10-11_Crystal-Palace_Nott'm-Forest,2026-10-11,Crystal Palace,Nott'm Forest,0.362471,0.281922,0.355606,0.501340,0.498660,2026-10-09T09:20:28+00:00,2026-10-09T15:44:16+00:00
E0_2026-10-11_Hull_Everton,2026-10-11,Hull,Everton,0.262616,0.276519,0.460865,0.475936,0.524064,2026-10-09T09:20:28+00:00,2026-10-09T15:44:16+00:00
E0_2026-10-11_Liverpool_Man-City,2026-10-11,Liverpool,Man City,0.357967,0.257658,0.384375,0.606138,0.393862,2026-10-09T09:20:28+00:00,2026-10-09T15:44:16+00:00
E0_2026-10-12_Coventry_Newcastle,2026-10-12,Coventry,Newcastle,0.288158,0.261596,0.450247,0.573298,0.426702,2026-10-09T09:20:28+00:00,2026-10-09T15:44:16+00:00
F1_2026-10-09_Lens_Lyon,2026-10-09,Lens,Lyon,0.395535,0.255808,0.348657,0.619647,0.380353,2026-10-09T09:20:28+00:00,2026-10-09T15:44:16+00:00
F1_2026-10-10_Lille_Le-Havre,2026-10-10,Lille,Le Havre,0.660162,0.201165,0.138673,0.584416,0.415584,2026-10-09T09:20:28+00:00,2026-10-09T15:44:16+00:00
F1_2026-10-10_Brest_Angers,2026-10-10,Brest,Angers,0.474072,0.260017,0.265910,0.542553,0.457447,2026-10-09T09:20:28+00:00,2026-10-09T15:44:16+00:00
F1_2026-10-10_Lorient_Paris-FC,2026-10-10,Lorient,Paris FC,0.297752,0.281657,0.420591,0.495979,0.504021,2026-10-09T09:20:28+00:00,2026-10-09T15:44:16+00:00
F1_2026-10-10_Monaco_Toulouse,2026-10-10,Monaco,Toulouse,0.590709,0.222566,0.186725,0.601542,0.398458,2026-10-09T09:20:28+00:00,2026-10-09T15:44:16+00:00
F1_2026-10-10_Paris-SG_Le-Mans,2026-10-10,Paris SG,Le Mans,0.873719,0.083506,0.042775,0.779412,0.220588,2026-10-09T09:20:28+00:00,2026-10-09T15:44:16+00:00
F1_2026-10-11_Nice_Strasbourg,2026-10-11,Nice,Strasbourg,0.409640,0.263504,0.326856,0.562005,0.437995,2026-10-09T09:20:28+00:00,2026-10-09T15:44:16+00:00
F1_2026-10-11_Rennes_Auxerre,2026-10-11,Rennes,Auxerre,0.660138,0.194078,0.145785,0.635236,0.364764,2026-10-09T09:20:28+00:00,2026-10-09T15:44:16+00:00
F1_2026-10-11_Troyes_Marseille,2026-10-11,Troyes,Marseille,0.255922,0.245846,0.498231,0.594315,0.405685,2026-10-09T09:20:28+00:00,2026-10-09T15:44:16+00:00
I1_2026-10-10_Genoa_Fiorentina,2026-10-10,Genoa,Fiorentina,0.296179,0.288910,0.414911,0.464191,0.535809,2026-10-09T09:20:28+00:00,2026-10-09T15:44:16+00:00
I1_2026-10-10_Inter_Parma,2026-10-10,Inter,Parma,0.832771,0.112295,0.054935,0.703786,0.296214,2026-10-09T09:20:28+00:00,2026-10-09T15:44:16+00:00
I1_2026-10-10_Napoli_Frosinone,2026-10-10,Napoli,Frosinone,0.654707,0.198898,0.146394,0.640394,0.359606,2026-10-09T09:20:28+00:00,2026-10-09T15:44:16+00:00
I1_2026-10-11_Como_Roma,2026-10-11,Como,Roma,0.369044,0.264795,0.366161,0.579634,0.420366,2026-10-09T09:20:28+00:00,2026-10-09T15:44:16+00:00
I1_2026-10-11_Lazio_Monza,2026-10-11,Lazio,Monza,0.598137,0.235949,0.165914,0.508021,0.491979,2026-10-09T09:20:28+00:00,2026-10-09T15:44:16+00:00
I1_2026-10-11_Lecce_Bologna,2026-10-11,Lecce,Bologna,0.228616,0.280637,0.490747,0.452381,0.547619,2026-10-09T09:20:28+00:00,2026-10-09T15:44:16+00:00
I1_2026-10-11_Sassuolo_Milan,2026-10-11,Sassuolo,Milan,0.231428,0.252014,0.516558,0.542553,0.457447,2026-10-09T09:20:28+00:00,2026-10-09T15:44:16+00:00
I1_2026-10-11_Cagliari_Juventus,2026-10-11,Cagliari,Juventus,0.153124,0.241298,0.605579,0.478610,0.521390,2026-10-09T09:20:28+00:00,2026-10-09T15:44:16+00:00
I1_2026-10-12_Atalanta_Venezia,2026-10-12,Atalanta,Venezia,0.605470,0.224516,0.170014,0.607143,0.392857,2026-10-09T09:20:28+00:00,2026-10-09T15:44:16+00:00
I1_2026-10-12_Torino_Udinese,2026-10-12,Torino,Udinese,0.405758,0.293825,0.300417,0.448549,0.551451,2026-10-09T09:20:28+00:00,2026-10-09T15:44:16+00:00
SP1_2026-10-09_Malaga_Espanol,2026-10-09,Malaga,Espanol,0.336701,0.296466,0.366833,0.468085,0.531915,2026-10-09T09:20:28+00:00,2026-10-09T15:44:16+00:00
SP1_2026-10-10_Vallecano_Ath-Bilbao,2026-10-10,Vallecano,Ath Bilbao,0.348771,0.281941,0.369287,0.500000,0.500000,2026-10-09T09:20:28+00:00,2026-10-09T15:44:16+00:00
SP1_2026-10-10_Alaves_Ath-Madrid,2026-10-10,Alaves,Ath Madrid,0.222403,0.254950,0.522647,0.518717,0.481283,2026-10-09T09:20:28+00:00,2026-10-09T15:44:16+00:00
SP1_2026-10-10_Barcelona_Getafe,2026-10-10,Barcelona,Getafe,0.879174,0.080947,0.039879,0.752988,0.247012,2026-10-09T09:20:28+00:00,2026-10-09T15:44:16+00:00
SP1_2026-10-10_Real-Madrid_Villarreal,2026-10-10,Real Madrid,Villarreal,0.691700,0.167685,0.140615,0.742857,0.257143,2026-10-09T09:20:28+00:00,2026-10-09T15:44:16+00:00
SP1_2026-10-11_Elche_Celta,2026-10-11,Elche,Celta,0.344401,0.288237,0.367361,0.475936,0.524064,2026-10-09T09:20:28+00:00,2026-10-09T15:44:16+00:00
SP1_2026-10-11_Sociedad_La-Coruna,2026-10-11,Sociedad,La Coruna,0.581436,0.238196,0.180368,0.542553,0.457447,2026-10-09T09:20:28+00:00,2026-10-09T15:44:16+00:00
SP1_2026-10-11_Betis_Osasuna,2026-10-11,Betis,Osasuna,0.610253,0.223906,0.165841,0.542553,0.457447,2026-10-09T09:20:28+00:00,2026-10-09T15:44:16+00:00
SP1_2026-10-11_Santander_Valencia,2026-10-11,Santander,Valencia,0.410088,0.266382,0.323530,0.570681,0.429319,2026-10-09T09:20:28+00:00,2026-10-09T15:44:16+00:00
SP1_2026-10-12_Levante_Sevilla,2026-10-12,Levante,Sevilla,0.348864,0.285919,0.365217,0.467914,0.532086,2026-10-09T09:20:28+00:00,2026-10-09T15:44:16+00:00
