checked_at,league,upcoming,unconfirmed,file_last_date,file_age_hours,error,unknown_teams
2026-09-11T15:46:31+00:00,E0,10,0,2027-05-30,112.1,,
2026-09-11T15:46:31+00:00,SP1,10,0,2027-05-30,0.5,,
2026-09-11T15:46:31+00:00,D1,9,0,2027-05-22,1.0,,
2026-09-11T15:46:31+00:00,I1,10,0,2027-05-29,0.3,,
2026-09-11T15:46:31+00:00,F1,9,0,2027-05-28,0.3,,
2026-09-11T19:23:49+00:00,E0,10,0,2027-05-30,115.7,,
2026-09-11T19:23:49+00:00,SP1,10,0,2027-05-30,1.3,,
2026-09-11T19:23:49+00:00,D1,9,0,2027-05-22,1.3,,
2026-09-11T19:23:49+00:00,I1,10,0,2027-05-29,1.3,,
2026-09-11T19:23:49+00:00,F1,9,0,2027-05-28,1.3,,
2026-09-11T22:56:03+00:00,E0,10,0,2027-05-30,119.3,,
2026-09-11T22:56:03+00:00,SP1,10,0,2027-05-30,0.1,,
2026-09-11T22:56:03+00:00,D1,9,0,2027-05-22,0.1,,
2026-09-11T22:56:03+00:00,I1,10,0,2027-05-29,0.1,,
2026-09-11T22:56:03+00:00,F1,9,0,2027-05-28,0.1,,
2026-09-12T05:19:20+00:00,E0,10,0,2027-05-30,125.6,,
2026-09-12T05:19:20+00:00,SP1,12,0,2027-05-30,1.4,,
2026-09-12T05:19:20+00:00,D1,8,0,2027-05-22,5.3,,
2026-09-12T05:19:20+00:00,I1,9,0,2027-05-29,5.3,,
2026-09-12T05:19:20+00:00,F1,8,0,2027-05-28,5.2,,
2026-09-12T12:34:46+00:00,E0,10,0,2027-05-30,132.9,,
2026-09-12T12:34:46+00:00,SP1,12,0,2027-05-30,1.8,,
2026-09-12T12:34:46+00:00,D1,8,0,2027-05-22,1.8,,
2026-09-12T12:34:46+00:00,I1,9,0,2027-05-29,1.8,,
2026-09-12T12:34:46+00:00,F1,8,0,2027-05-28,1.8,,
2026-09-12T14:52:26+00:00,E0,10,0,2027-05-30,135.2,,
2026-09-12T14:52:26+00:00,SP1,12,0,2027-05-30,0.3,,
2026-09-12T14:52:26+00:00,D1,8,0,2027-05-22,1.9,,
2026-09-12T14:52:26+00:00,I1,9,0,2027-05-29,0.1,,
2026-09-12T14:52:26+00:00,F1,8,0,2027-05-28,1.9,,
2026-09-12T15:57:45+00:00,E0,10,0,2027-05-30,136.3,,
2026-09-12T15:57:45+00:00,SP1,12,0,2027-05-30,1.4,,
2026-09-12T15:57:45+00:00,D1,8,0,2027-05-22,3.0,,
2026-09-12T15:57:45+00:00,I1,9,0,2027-05-29,1.2,,
2026-09-12T15:57:45+00:00,F1,8,0,2027-05-28,3.0,,
2026-09-12T18:54:06+00:00,E0,10,0,2027-05-30,139.2,,
2026-09-12T18:54:06+00:00,SP1,12,0,2027-05-30,0.5,,
2026-09-12T18:54:06+00:00,D1,8,0,2027-05-22,1.5,,
2026-09-12T18:54:06+00:00,I1,9,0,2027-05-29,1.5,,
2026-09-12T18:54:06+00:00,F1,8,0,2027-05-28,0.7,,
2026-09-12T22:45:41+00:00,E0,10,0,2027-05-30,143.1,,
2026-09-12T22:45:41+00:00,SP1,12,0,2027-05-30,2.6,,
2026-09-12T22:45:41+00:00,D1,8,0,2027-05-22,5.4,,
2026-09-12T22:45:41+00:00,I1,9,0,2027-05-29,2.6,,
2026-09-12T22:45:41+00:00,F1,8,0,2027-05-28,3.6,,
2026-09-13T05:34:03+00:00,E0,3,0,2027-05-30,149.9,,
2026-09-13T05:34:03+00:00,SP1,12,0,2027-05-30,1.4,,
2026-09-13T05:34:03+00:00,D1,2,0,2027-05-22,1.4,,
2026-09-13T05:34:03+00:00,I1,6,0,2027-05-29,1.4,,
2026-09-13T05:34:03+00:00,F1,3,0,2027-05-28,1.4,,
2026-09-13T13:35:25+00:00,E0,3,0,2027-05-30,157.9,,
2026-09-13T13:35:25+00:00,SP1,12,0,2027-05-30,0.9,,
2026-09-13T13:35:25+00:00,D1,2,0,2027-05-22,1.2,,
2026-09-13T13:35:25+00:00,I1,6,0,2027-05-29,1.8,,
2026-09-13T13:35:25+00:00,F1,3,0,2027-05-28,1.2,,
2026-09-13T19:10:43+00:00,E0,3,0,2027-05-30,163.5,,
2026-09-13T19:10:43+00:00,SP1,12,0,2027-05-30,2.6,,
2026-09-13T19:10:43+00:00,D1,2,0,2027-05-22,6.8,,
2026-09-13T19:10:43+00:00,I1,6,0,2027-05-29,0.1,,
2026-09-13T19:10:43+00:00,F1,3,0,2027-05-28,1.4,,
2026-09-13T22:47:01+00:00,E0,3,0,2027-05-30,167.1,,
2026-09-13T22:47:01+00:00,SP1,12,0,2027-05-30,2.5,,
2026-09-13T22:47:01+00:00,D1,2,0,2027-05-22,2.7,,
2026-09-13T22:47:01+00:00,I1,6,0,2027-05-29,2.5,,
2026-09-13T22:47:01+00:00,F1,3,0,2027-05-28,2.8,,
2026-09-14T05:39:02+00:00,E0,1,0,2027-05-30,6.5,,
2026-09-14T05:39:02+00:00,SP1,10,0,2027-05-30,0.5,,
2026-09-14T05:39:02+00:00,D1,0,0,2027-05-22,3.7,,
2026-09-14T05:39:02+00:00,I1,3,0,2027-05-29,0.5,,
2026-09-14T05:39:02+00:00,F1,0,0,2027-05-28,1.7,,
2026-09-14T15:34:12+00:00,E0,1,0,2027-05-30,16.4,,
2026-09-14T15:34:12+00:00,SP1,10,0,2027-05-30,2.9,,
2026-09-14T15:34:12+00:00,D1,0,0,2027-05-22,6.6,,
2026-09-14T15:34:12+00:00,I1,3,0,2027-05-29,2.9,,
2026-09-14T15:34:12+00:00,F1,0,0,2027-05-28,5.6,,
2026-09-14T16:51:17+00:00,E0,1,0,2027-05-30,17.7,,
2026-09-14T16:51:17+00:00,SP1,10,0,2027-05-30,4.1,,
2026-09-14T16:51:17+00:00,D1,0,0,2027-05-22,7.9,,
2026-09-14T16:51:17+00:00,I1,3,0,2027-05-29,0.8,,
2026-09-14T16:51:17+00:00,F1,0,0,2027-05-28,6.9,,
2026-09-14T20:43:04+00:00,E0,1,0,2027-05-30,21.6,,
2026-09-14T20:43:04+00:00,SP1,10,0,2027-05-30,3.5,,
2026-09-14T20:43:04+00:00,D1,0,0,2027-05-22,11.7,,
2026-09-14T20:43:04+00:00,I1,3,0,2027-05-29,4.7,,
2026-09-14T20:43:04+00:00,F1,0,0,2027-05-28,10.8,,
2026-09-14T23:39:48+00:00,E0,1,0,2027-05-30,24.5,,
2026-09-14T23:39:48+00:00,SP1,10,0,2027-05-30,2.4,,
2026-09-14T23:39:48+00:00,D1,0,0,2027-05-22,2.4,,
2026-09-14T23:39:48+00:00,I1,3,0,2027-05-29,1.1,,
2026-09-14T23:39:48+00:00,F1,0,0,2027-05-28,1.6,,
2026-09-15T05:40:54+00:00,E0,1,0,2027-05-30,30.5,,
2026-09-15T05:40:54+00:00,SP1,10,0,2027-05-30,5.6,,
2026-09-15T05:40:54+00:00,D1,1,0,2027-05-22,5.6,,
2026-09-15T05:40:54+00:00,I1,1,0,2027-05-29,5.6,,
2026-09-15T05:40:54+00:00,F1,1,0,2027-05-28,7.6,,
2026-09-15T14:05:48+00:00,E0,1,0,2027-05-30,39.0,,
2026-09-15T14:05:48+00:00,SP1,10,0,2027-05-30,2.4,,
2026-09-15T14:05:48+00:00,D1,1,0,2027-05-22,5.2,,
2026-09-15T14:05:48+00:00,I1,1,0,2027-05-29,2.4,,
2026-09-15T14:05:48+00:00,F1,1,0,2027-05-28,5.1,,
2026-09-15T19:57:26+00:00,E0,1,0,2027-05-30,44.8,,
2026-09-15T19:57:26+00:00,SP1,10,0,2027-05-30,1.4,,
2026-09-15T19:57:26+00:00,D1,1,0,2027-05-22,1.3,,
2026-09-15T19:57:26+00:00,I1,1,0,2027-05-29,1.3,,
2026-09-15T19:57:26+00:00,F1,1,0,2027-05-28,3.9,,
2026-09-15T23:22:08+00:00,E0,1,0,2027-05-30,48.2,,
2026-09-15T23:22:08+00:00,SP1,10,0,2027-05-30,4.8,,
2026-09-15T23:22:08+00:00,D1,1,0,2027-05-22,4.7,,
2026-09-15T23:22:08+00:00,I1,1,0,2027-05-29,1.4,,
2026-09-15T23:22:08+00:00,F1,1,0,2027-05-28,7.3,,
2026-09-16T05:34:16+00:00,E0,6,0,2027-05-30,54.4,,
2026-09-16T05:34:16+00:00,SP1,11,0,2027-05-30,2.6,,
2026-09-16T05:34:16+00:00,D1,6,0,2027-05-22,6.1,,
2026-09-16T05:34:16+00:00,I1,5,0,2027-05-29,6.2,,
2026-09-16T05:34:16+00:00,F1,6,0,2027-05-28,6.2,,
2026-09-16T13:58:21+00:00,E0,6,0,2027-05-30,62.8,,
2026-09-16T13:58:21+00:00,SP1,11,0,2027-05-30,1.1,,
2026-09-16T13:58:21+00:00,D1,6,0,2027-05-22,4.7,,
2026-09-16T13:58:21+00:00,I1,5,0,2027-05-29,0.7,,
2026-09-16T13:58:21+00:00,F1,6,0,2027-05-28,1.1,,
2026-09-16T19:50:08+00:00,E0,6,0,2027-05-30,68.7,,
2026-09-16T19:50:08+00:00,SP1,11,0,2027-05-30,2.4,,
2026-09-16T19:50:08+00:00,D1,6,0,2027-05-22,4.7,,
2026-09-16T19:50:08+00:00,I1,5,0,2027-05-29,2.9,,
2026-09-16T19:50:08+00:00,F1,6,0,2027-05-28,4.7,,
2026-09-16T23:29:04+00:00,E0,6,0,2027-05-30,72.3,,
2026-09-16T23:29:04+00:00,SP1,11,0,2027-05-30,0.5,,
2026-09-16T23:29:04+00:00,D1,6,0,2027-05-22,0.6,,
2026-09-16T23:29:04+00:00,I1,5,0,2027-05-29,2.0,,
2026-09-16T23:29:04+00:00,F1,6,0,2027-05-28,2.4,,
2026-09-17T19:58:57+00:00,E0,10,0,2027-05-30,92.8,,
2026-09-17T19:58:57+00:00,SP1,12,0,2027-05-30,0.2,,
2026-09-17T19:58:57+00:00,D1,9,0,2027-05-22,0.2,,
2026-09-17T19:58:57+00:00,I1,10,0,2027-05-29,0.2,,
2026-09-17T19:58:57+00:00,F1,9,0,2027-05-28,3.0,,
2026-09-17T23:19:26+00:00,E0,10,0,2027-05-30,96.2,,
2026-09-17T23:19:26+00:00,SP1,12,0,2027-05-30,3.6,,
2026-09-17T23:19:26+00:00,D1,9,0,2027-05-22,3.6,,
2026-09-17T23:19:26+00:00,I1,10,0,2027-05-29,3.5,,
2026-09-17T23:19:26+00:00,F1,9,0,2027-05-28,6.3,,
2026-09-18T05:28:31+00:00,E0,10,0,2027-05-30,102.3,,
2026-09-18T05:28:31+00:00,SP1,10,0,2027-05-30,5.0,,
2026-09-18T05:28:31+00:00,D1,9,0,2027-05-22,5.4,,
2026-09-18T05:28:31+00:00,I1,10,0,2027-05-29,5.4,,
2026-09-18T05:28:31+00:00,F1,9,0,2027-05-28,12.5,,
2026-09-18T13:18:59+00:00,E0,10,0,2027-05-30,1.7,,
2026-09-18T13:18:59+00:00,SP1,10,0,2027-05-30,1.7,,
2026-09-18T13:18:59+00:00,D1,9,0,2027-05-22,1.7,,
2026-09-18T13:18:59+00:00,I1,10,0,2027-05-29,1.7,,
2026-09-18T13:18:59+00:00,F1,9,0,2027-05-28,0.7,,
2026-09-18T19:22:54+00:00,E0,10,0,2027-05-30,7.8,,
2026-09-18T19:22:54+00:00,SP1,10,0,2027-05-30,7.8,,
2026-09-18T19:22:54+00:00,D1,9,0,2027-05-22,7.8,,
2026-09-18T19:22:54+00:00,I1,10,0,2027-05-29,3.9,,
2026-09-18T19:22:54+00:00,F1,9,0,2027-05-28,6.8,,
2026-09-18T22:58:05+00:00,E0,10,0,2027-05-30,11.4,,
2026-09-18T22:58:05+00:00,SP1,10,0,2027-05-30,0.0,,
2026-09-18T22:58:05+00:00,D1,9,0,2027-05-22,11.4,,
2026-09-18T22:58:05+00:00,I1,10,0,2027-05-29,0.5,,
2026-09-18T22:58:05+00:00,F1,9,0,2027-05-28,10.4,,
2026-09-19T05:24:14+00:00,E0,9,0,2027-05-30,17.8,,
2026-09-19T05:24:14+00:00,SP1,9,0,2027-05-30,5.3,,
2026-09-19T05:24:14+00:00,D1,8,0,2027-05-22,5.3,,
2026-09-19T05:24:14+00:00,I1,9,0,2027-05-29,5.3,,
2026-09-19T05:24:14+00:00,F1,8,0,2027-05-28,16.8,,
2026-09-19T12:49:45+00:00,E0,9,0,2027-05-30,25.2,,
2026-09-19T12:49:45+00:00,SP1,9,0,2027-05-30,0.9,,
2026-09-19T12:49:45+00:00,D1,8,0,2027-05-22,0.9,,
2026-09-19T12:49:45+00:00,I1,9,0,2027-05-29,0.9,,
2026-09-19T12:49:45+00:00,F1,8,0,2027-05-28,0.5,,
2026-09-19T16:11:38+00:00,E0,9,0,2027-05-30,28.6,,
2026-09-19T16:11:38+00:00,SP1,9,0,2027-05-30,4.3,,
2026-09-19T16:11:38+00:00,D1,8,0,2027-05-22,4.3,,
2026-09-19T16:11:38+00:00,I1,9,0,2027-05-29,0.6,,
2026-09-19T16:11:38+00:00,F1,8,0,2027-05-28,3.8,,
2026-09-19T19:07:18+00:00,E0,9,0,2027-05-30,31.5,,
2026-09-19T19:07:18+00:00,SP1,9,0,2027-05-30,1.2,,
2026-09-19T19:07:18+00:00,D1,8,0,2027-05-22,1.2,,
2026-09-19T19:07:18+00:00,I1,9,0,2027-05-29,1.1,,
2026-09-19T19:07:18+00:00,F1,8,0,2027-05-28,0.3,,
2026-09-19T22:37:04+00:00,E0,9,0,2027-05-30,35.0,,
2026-09-19T22:37:04+00:00,SP1,9,0,2027-05-30,0.4,,
2026-09-19T22:37:04+00:00,D1,8,0,2027-05-22,0.4,,
2026-09-19T22:37:04+00:00,I1,9,0,2027-05-29,0.4,,
2026-09-19T22:37:04+00:00,F1,8,0,2027-05-28,0.3,,
2026-09-20T13:24:19+00:00,E0,4,0,2027-05-30,49.8,,
2026-09-20T13:24:19+00:00,SP1,5,0,2027-05-30,2.1,,
2026-09-20T13:24:19+00:00,D1,3,0,2027-05-22,2.7,,
2026-09-20T13:24:19+00:00,I1,5,0,2027-05-29,2.1,,
2026-09-20T13:24:19+00:00,F1,3,0,2027-05-28,2.7,,
2026-09-20T19:13:47+00:00,E0,4,0,2027-05-30,55.6,,
2026-09-20T19:13:47+00:00,SP1,5,0,2027-05-30,0.7,,
2026-09-20T19:13:47+00:00,D1,3,0,2027-05-22,8.5,,
2026-09-20T19:13:47+00:00,I1,5,0,2027-05-29,7.9,,
2026-09-20T19:13:47+00:00,F1,3,0,2027-05-28,0.9,,
2026-09-20T22:53:13+00:00,E0,4,0,2027-05-30,59.3,,
2026-09-20T22:53:13+00:00,SP1,5,0,2027-05-30,4.3,,
2026-09-20T22:53:13+00:00,D1,3,0,2027-05-22,12.1,,
2026-09-20T22:53:13+00:00,I1,5,0,2027-05-29,11.5,,
2026-09-20T22:53:13+00:00,F1,3,0,2027-05-28,2.0,,
2026-09-21T05:46:44+00:00,E0,0,0,2027-05-30,66.2,,
2026-09-21T05:46:44+00:00,SP1,0,0,2027-05-30,4.1,,
2026-09-21T05:46:44+00:00,D1,0,0,2027-05-22,5.7,,
2026-09-21T05:46:44+00:00,I1,0,0,2027-05-29,5.7,,
2026-09-21T05:46:44+00:00,F1,0,0,2027-05-28,8.9,,
2026-09-21T15:34:32+00:00,E0,0,0,2027-05-30,76.0,,
2026-09-21T15:34:32+00:00,SP1,0,0,2027-05-30,0.8,,
2026-09-21T15:34:32+00:00,D1,0,0,2027-05-22,2.0,,
2026-09-21T15:34:32+00:00,I1,0,0,2027-05-29,2.0,,
2026-09-21T15:34:32+00:00,F1,0,0,2027-05-28,0.7,,
2026-09-21T20:44:02+00:00,E0,0,0,2027-05-30,81.1,,
2026-09-21T20:44:02+00:00,SP1,0,0,2027-05-30,4.7,,
2026-09-21T20:44:02+00:00,D1,0,0,2027-05-22,4.7,,
2026-09-21T20:44:02+00:00,I1,0,0,2027-05-29,4.7,,
2026-09-21T20:44:02+00:00,F1,0,0,2027-05-28,4.7,,
2026-09-21T23:46:34+00:00,E0,0,0,2027-05-30,84.2,,
2026-09-21T23:46:34+00:00,SP1,0,0,2027-05-30,7.8,,
2026-09-21T23:46:34+00:00,D1,0,0,2027-05-22,7.8,,
2026-09-21T23:46:34+00:00,I1,0,0,2027-05-29,7.8,,
2026-09-21T23:46:34+00:00,F1,0,0,2027-05-28,7.8,,
2026-09-22T05:44:21+00:00,E0,0,0,2027-05-30,90.1,,
2026-09-22T05:44:21+00:00,SP1,0,0,2027-05-30,2.6,,
2026-09-22T05:44:21+00:00,D1,0,0,2027-05-22,2.6,,
2026-09-22T05:44:21+00:00,I1,0,0,2027-05-29,2.6,,
2026-09-22T05:44:21+00:00,F1,0,0,2027-05-28,2.6,,
2026-09-22T13:50:24+00:00,E0,0,0,2027-05-30,98.2,,
2026-09-22T13:50:24+00:00,SP1,0,0,2027-05-30,0.5,,
2026-09-22T13:50:24+00:00,D1,0,0,2027-05-22,10.7,,
2026-09-22T13:50:24+00:00,I1,0,0,2027-05-29,2.2,,
2026-09-22T13:50:24+00:00,F1,0,0,2027-05-28,10.7,,
2026-09-22T19:59:34+00:00,E0,0,0,2027-05-30,104.4,,
2026-09-22T19:59:34+00:00,SP1,0,0,2027-05-30,1.4,,
2026-09-22T19:59:34+00:00,D1,0,0,2027-05-22,1.4,,
2026-09-22T19:59:34+00:00,I1,0,0,2027-05-29,1.4,,
2026-09-22T19:59:34+00:00,F1,0,0,2027-05-28,1.4,,
2026-09-22T23:25:32+00:00,E0,0,0,2027-05-30,107.8,,
2026-09-22T23:25:32+00:00,SP1,0,0,2027-05-30,4.8,,
2026-09-22T23:25:32+00:00,D1,0,0,2027-05-22,4.8,,
2026-09-22T23:25:32+00:00,I1,0,0,2027-05-29,4.8,,
2026-09-22T23:25:32+00:00,F1,0,0,2027-05-28,4.8,,
2026-09-23T05:26:17+00:00,E0,0,0,2027-05-30,113.8,,
2026-09-23T05:26:17+00:00,SP1,0,0,2027-05-30,2.1,,
2026-09-23T05:26:17+00:00,D1,0,0,2027-05-22,2.1,,
2026-09-23T05:26:17+00:00,I1,0,0,2027-05-29,2.1,,
2026-09-23T05:26:17+00:00,F1,0,0,2027-05-28,2.1,,
2026-09-23T14:01:10+00:00,E0,0,0,2027-05-30,122.4,,
2026-09-23T14:01:10+00:00,SP1,0,0,2027-05-30,2.5,,
2026-09-23T14:01:10+00:00,D1,0,0,2027-05-22,1.7,,
2026-09-23T14:01:10+00:00,I1,0,0,2027-05-29,1.8,,
2026-09-23T14:01:10+00:00,F1,0,0,2027-05-28,2.0,,
2026-09-23T19:56:39+00:00,E0,0,0,2027-05-30,128.4,,
2026-09-23T19:56:39+00:00,SP1,0,0,2027-05-30,0.7,,
2026-09-23T19:56:39+00:00,D1,0,0,2027-05-22,0.7,,
2026-09-23T19:56:39+00:00,I1,0,0,2027-05-29,0.7,,
2026-09-23T19:56:39+00:00,F1,0,0,2027-05-28,0.7,,
2026-09-23T23:24:03+00:00,E0,0,0,2027-05-30,131.8,,
2026-09-23T23:24:03+00:00,SP1,0,0,2027-05-30,0.6,,
2026-09-23T23:24:03+00:00,D1,0,0,2027-05-22,0.6,,
2026-09-23T23:24:03+00:00,I1,0,0,2027-05-29,0.6,,
2026-09-23T23:24:03+00:00,F1,0,0,2027-05-28,0.6,,
2026-09-24T05:45:37+00:00,E0,0,0,2027-05-30,138.2,,
2026-09-24T05:45:37+00:00,SP1,0,0,2027-05-30,2.6,,
2026-09-24T05:45:37+00:00,D1,0,0,2027-05-22,2.6,,
2026-09-24T05:45:37+00:00,I1,0,0,2027-05-29,2.6,,
2026-09-24T05:45:37+00:00,F1,0,0,2027-05-28,7.0,,
2026-09-24T13:58:10+00:00,E0,0,0,2027-05-30,146.4,,
2026-09-24T13:58:10+00:00,SP1,0,0,2027-05-30,2.2,,
2026-09-24T13:58:10+00:00,D1,0,0,2027-05-22,0.6,,
2026-09-24T13:58:10+00:00,I1,0,0,2027-05-29,2.2,,
2026-09-24T13:58:10+00:00,F1,0,0,2027-05-28,7.2,,
2026-09-24T20:14:34+00:00,E0,0,0,2027-05-30,152.7,,
2026-09-24T20:14:34+00:00,SP1,0,0,2027-05-30,4.3,,
2026-09-24T20:14:34+00:00,D1,0,0,2027-05-22,6.9,,
2026-09-24T20:14:34+00:00,I1,0,0,2027-05-29,1.4,,
2026-09-24T20:14:34+00:00,F1,0,0,2027-05-28,3.3,,
2026-09-24T23:43:14+00:00,E0,0,0,2027-05-30,156.1,,
2026-09-24T23:43:14+00:00,SP1,0,0,2027-05-30,0.9,,
2026-09-24T23:43:14+00:00,D1,0,0,2027-05-22,1.3,,
2026-09-24T23:43:14+00:00,I1,0,0,2027-05-29,0.9,,
2026-09-24T23:43:14+00:00,F1,0,0,2027-05-28,1.3,,
2026-09-25T05:42:06+00:00,E0,0,0,2027-05-30,162.1,,
2026-09-25T05:42:06+00:00,SP1,0,0,2027-05-30,5.6,,
2026-09-25T05:42:06+00:00,D1,0,0,2027-05-22,2.3,,
2026-09-25T05:42:06+00:00,I1,0,0,2027-05-29,5.6,,
2026-09-25T05:42:06+00:00,F1,0,0,2027-05-28,7.3,,
2026-09-25T14:22:19+00:00,E0,0,0,2027-05-30,170.8,,
2026-09-25T14:22:19+00:00,SP1,0,0,2027-05-30,2.5,,
2026-09-25T14:22:19+00:00,D1,0,0,2027-05-22,5.7,,
2026-09-25T14:22:19+00:00,I1,0,0,2027-05-29,2.5,,
2026-09-25T14:22:19+00:00,F1,0,0,2027-05-28,5.7,,
2026-09-25T20:12:56+00:00,E0,0,0,2027-05-30,176.6,,
2026-09-25T20:12:56+00:00,SP1,0,0,2027-05-30,3.0,,
2026-09-25T20:12:56+00:00,D1,0,0,2027-05-22,3.0,,
2026-09-25T20:12:56+00:00,I1,0,0,2027-05-29,2.9,,
2026-09-25T20:12:56+00:00,F1,0,0,2027-05-28,3.0,,
2026-09-25T23:45:19+00:00,E0,0,0,2027-05-30,180.2,,
2026-09-25T23:45:19+00:00,SP1,0,0,2027-05-30,6.5,,
2026-09-25T23:45:19+00:00,D1,0,0,2027-05-22,6.5,,
2026-09-25T23:45:19+00:00,I1,0,0,2027-05-29,6.5,,
2026-09-25T23:45:19+00:00,F1,0,0,2027-05-28,6.5,,
2026-09-26T05:45:49+00:00,E0,0,0,2027-05-30,186.2,,
2026-09-26T05:45:49+00:00,SP1,0,0,2027-05-30,5.6,,
2026-09-26T05:45:49+00:00,D1,0,0,2027-05-22,5.6,,
2026-09-26T05:45:49+00:00,I1,0,0,2027-05-29,5.6,,
2026-09-26T05:45:49+00:00,F1,0,0,2027-05-28,12.5,,
2026-09-26T13:34:46+00:00,E0,0,0,2027-05-30,194.0,,
2026-09-26T13:34:46+00:00,SP1,0,0,2027-05-30,2.2,,
2026-09-26T13:34:46+00:00,D1,0,0,2027-05-22,13.4,,
2026-09-26T13:34:46+00:00,I1,0,0,2027-05-29,2.2,,
2026-09-26T13:34:46+00:00,F1,0,0,2027-05-28,20.3,,
2026-09-26T19:31:02+00:00,E0,0,0,2027-05-30,199.9,,
2026-09-26T19:31:02+00:00,SP1,0,0,2027-05-30,1.0,,
2026-09-26T19:31:02+00:00,D1,0,0,2027-05-22,4.6,,
2026-09-26T19:31:02+00:00,I1,0,0,2027-05-29,4.5,,
2026-09-26T19:31:02+00:00,F1,0,0,2027-05-28,4.6,,
2026-09-26T23:20:05+00:00,E0,0,0,2027-05-30,203.7,,
2026-09-26T23:20:05+00:00,SP1,0,0,2027-05-30,4.8,,
2026-09-26T23:20:05+00:00,D1,0,0,2027-05-22,8.4,,
2026-09-26T23:20:05+00:00,I1,0,0,2027-05-29,8.3,,
2026-09-26T23:20:05+00:00,F1,0,0,2027-05-28,8.4,,
2026-09-27T06:04:45+00:00,E0,0,0,2027-05-30,210.5,,
2026-09-27T06:04:45+00:00,SP1,0,0,2027-05-30,1.7,,
2026-09-27T06:04:45+00:00,D1,0,0,2027-05-22,1.7,,
2026-09-27T06:04:45+00:00,I1,0,0,2027-05-29,1.7,,
2026-09-27T06:04:45+00:00,F1,0,0,2027-05-28,1.7,,
2026-09-27T14:30:59+00:00,E0,0,0,2027-05-30,218.9,,
2026-09-27T14:30:59+00:00,SP1,0,0,2027-05-30,2.5,,
2026-09-27T14:30:59+00:00,D1,0,0,2027-05-22,10.2,,
2026-09-27T14:30:59+00:00,I1,0,0,2027-05-29,2.5,,
2026-09-27T14:30:59+00:00,F1,0,0,2027-05-28,10.2,,
2026-09-27T19:57:11+00:00,E0,0,0,2027-05-30,224.4,,
2026-09-27T19:57:11+00:00,SP1,0,0,2027-05-30,1.4,,
2026-09-27T19:57:11+00:00,D1,0,0,2027-05-22,4.3,,
2026-09-27T19:57:11+00:00,I1,0,0,2027-05-29,3.3,,
2026-09-27T19:57:11+00:00,F1,0,0,2027-05-28,4.3,,
2026-09-27T23:32:54+00:00,E0,0,0,2027-05-30,228.0,,
2026-09-27T23:32:54+00:00,SP1,0,0,2027-05-30,5.0,,
2026-09-27T23:32:54+00:00,D1,0,0,2027-05-22,7.9,,
2026-09-27T23:32:54+00:00,I1,0,0,2027-05-29,6.8,,
2026-09-27T23:32:54+00:00,F1,0,0,2027-05-28,7.9,,
2026-09-28T06:13:56+00:00,E0,0,0,2027-05-30,234.6,,
2026-09-28T06:13:56+00:00,SP1,0,0,2027-05-30,0.1,,
2026-09-28T06:13:56+00:00,D1,0,0,2027-05-22,5.2,,
2026-09-28T06:13:56+00:00,I1,0,0,2027-05-29,0.1,,
2026-09-28T06:13:56+00:00,F1,0,0,2027-05-28,0.1,,
2026-09-28T17:15:51+00:00,E0,0,0,2027-05-30,245.7,,
2026-09-28T17:15:51+00:00,SP1,0,0,2027-05-30,3.4,,
2026-09-28T17:15:51+00:00,D1,0,0,2027-05-22,16.2,,
2026-09-28T17:15:51+00:00,I1,0,0,2027-05-29,3.4,,
2026-09-28T17:15:51+00:00,F1,0,0,2027-05-28,11.1,,
2026-09-29T00:47:06+00:00,E0,0,0,2027-05-30,253.2,,
2026-09-29T00:47:06+00:00,SP1,0,0,2027-05-30,2.7,,
2026-09-29T00:47:06+00:00,D1,0,0,2027-05-22,0.7,,
2026-09-29T00:47:06+00:00,I1,0,0,2027-05-29,5.6,,
2026-09-29T00:47:06+00:00,F1,0,0,2027-05-28,5.5,,
2026-09-29T06:30:59+00:00,E0,0,0,2027-05-30,258.9,,
2026-09-29T06:30:59+00:00,SP1,0,0,2027-05-30,4.4,,
2026-09-29T06:30:59+00:00,D1,0,0,2027-05-22,6.4,,
2026-09-29T06:30:59+00:00,I1,0,0,2027-05-29,0.1,,
2026-09-29T06:30:59+00:00,F1,0,0,2027-05-28,11.3,,
2026-09-29T15:17:46+00:00,E0,0,0,2027-05-30,267.7,,
2026-09-29T15:17:46+00:00,SP1,0,0,2027-05-30,0.3,,
2026-09-29T15:17:46+00:00,D1,0,0,2027-05-22,0.2,,
2026-09-29T15:17:46+00:00,I1,0,0,2027-05-29,0.2,,
2026-09-29T15:17:46+00:00,F1,0,0,2027-05-28,0.3,,
2026-09-29T21:12:31+00:00,E0,0,0,2027-05-30,273.6,,
2026-09-29T21:12:31+00:00,SP1,0,0,2027-05-30,2.1,,
2026-09-29T21:12:31+00:00,D1,0,0,2027-05-22,4.9,,
2026-09-29T21:12:31+00:00,I1,0,0,2027-05-29,2.1,,
2026-09-29T21:12:31+00:00,F1,0,0,2027-05-28,2.1,,
2026-09-30T06:14:25+00:00,E0,0,0,2027-05-30,8.7,,
2026-09-30T06:14:25+00:00,SP1,0,0,2027-05-30,0.2,,
2026-09-30T06:14:25+00:00,D1,0,0,2027-05-22,4.6,,
2026-09-30T06:14:25+00:00,I1,0,0,2027-05-29,4.6,,
2026-09-30T06:14:25+00:00,F1,0,0,2027-05-28,4.6,,
2026-09-30T15:31:35+00:00,E0,0,0,2027-05-30,18.0,,
2026-09-30T15:31:35+00:00,SP1,0,0,2027-05-30,1.7,,
2026-09-30T15:31:35+00:00,D1,0,0,2027-05-22,1.7,,
2026-09-30T15:31:35+00:00,I1,0,0,2027-05-29,1.7,,
2026-09-30T15:31:35+00:00,F1,0,0,2027-05-28,1.7,,
2026-09-30T21:10:02+00:00,E0,0,0,2027-05-30,23.6,,
2026-09-30T21:10:02+00:00,SP1,0,0,2027-05-30,7.4,,
2026-09-30T21:10:02+00:00,D1,0,0,2027-05-22,7.4,,
2026-09-30T21:10:02+00:00,I1,0,0,2027-05-29,0.4,,
2026-09-30T21:10:02+00:00,F1,0,0,2027-05-28,7.4,,
2026-10-01T06:45:10+00:00,E0,0,0,2027-05-30,33.2,,
2026-10-01T06:45:10+00:00,SP1,0,0,2027-05-30,17.0,,
2026-10-01T06:45:10+00:00,D1,0,0,2027-05-22,17.0,,
2026-10-01T06:45:10+00:00,I1,0,0,2027-05-29,1.3,,
2026-10-01T06:45:10+00:00,F1,0,0,2027-05-28,17.0,,
2026-10-01T15:54:36+00:00,E0,0,0,2027-05-30,42.4,,
2026-10-01T15:54:36+00:00,SP1,0,0,2027-05-30,2.8,,
2026-10-01T15:54:36+00:00,D1,0,0,2027-05-22,26.1,,
2026-10-01T15:54:36+00:00,I1,0,0,2027-05-29,2.8,,
2026-10-01T15:54:36+00:00,F1,0,0,2027-05-28,26.1,,
2026-10-01T21:32:34+00:00,E0,0,0,2027-05-30,48.0,,
2026-10-01T21:32:34+00:00,SP1,0,0,2027-05-30,2.6,,
2026-10-01T21:32:34+00:00,D1,0,0,2027-05-22,2.6,,
2026-10-01T21:32:34+00:00,I1,0,0,2027-05-29,2.6,,
2026-10-01T21:32:34+00:00,F1,0,0,2027-05-28,2.6,,
2026-10-02T06:33:42+00:00,E0,0,0,2027-05-30,57.0,,
2026-10-02T06:33:42+00:00,SP1,0,0,2027-05-30,8.2,,
2026-10-02T06:33:42+00:00,D1,0,0,2027-05-22,0.2,,
2026-10-02T06:33:42+00:00,I1,0,0,2027-05-29,7.6,,
2026-10-02T06:33:42+00:00,F1,0,0,2027-05-28,11.6,,
2026-10-02T15:15:35+00:00,E0,0,0,2027-05-30,65.7,,
2026-10-02T15:15:35+00:00,SP1,0,0,2027-05-30,2.7,,
2026-10-02T15:15:35+00:00,D1,0,0,2027-05-22,5.1,,
2026-10-02T15:15:35+00:00,I1,0,0,2027-05-29,2.7,,
2026-10-02T15:15:35+00:00,F1,0,0,2027-05-28,20.3,,
2026-10-02T21:07:53+00:00,E0,0,0,2027-05-30,71.6,,
2026-10-02T21:07:53+00:00,SP1,0,0,2027-05-30,3.0,,
2026-10-02T21:07:53+00:00,D1,0,0,2027-05-22,11.0,,
2026-10-02T21:07:53+00:00,I1,0,0,2027-05-29,8.6,,
2026-10-02T21:07:53+00:00,F1,0,0,2027-05-28,26.2,,
2026-10-03T05:57:59+00:00,E0,0,0,2027-05-30,80.4,,
2026-10-03T05:57:59+00:00,SP1,0,0,2027-05-30,11.9,,
2026-10-03T05:57:59+00:00,D1,0,0,2027-05-22,19.8,,
2026-10-03T05:57:59+00:00,I1,0,0,2027-05-29,2.7,,
2026-10-03T05:57:59+00:00,F1,0,0,2027-05-28,35.0,,
2026-10-03T14:06:38+00:00,E0,0,0,2027-05-30,88.6,,
2026-10-03T14:06:38+00:00,SP1,0,0,2027-05-30,2.4,,
2026-10-03T14:06:38+00:00,D1,0,0,2027-05-22,2.4,,
2026-10-03T14:06:38+00:00,I1,0,0,2027-05-29,1.4,,
2026-10-03T14:06:38+00:00,F1,0,0,2027-05-28,2.4,,
2026-10-03T19:39:42+00:00,E0,0,0,2027-05-30,94.1,,
2026-10-03T19:39:42+00:00,SP1,0,0,2027-05-30,2.2,,
2026-10-03T19:39:42+00:00,D1,0,0,2027-05-22,2.2,,
2026-10-03T19:39:42+00:00,I1,0,0,2027-05-29,2.2,,
2026-10-03T19:39:42+00:00,F1,0,0,2027-05-28,2.2,,
2026-10-03T23:28:13+00:00,E0,0,0,2027-05-30,97.9,,
2026-10-03T23:28:13+00:00,SP1,0,0,2027-05-30,6.0,,
2026-10-03T23:28:13+00:00,D1,0,0,2027-05-22,6.0,,
2026-10-03T23:28:13+00:00,I1,0,0,2027-05-29,6.0,,
2026-10-03T23:28:13+00:00,F1,0,0,2027-05-28,6.0,,
2026-10-04T06:36:00+00:00,E0,0,0,2027-05-30,105.1,,
2026-10-04T06:36:00+00:00,SP1,0,0,2027-05-30,5.1,,
2026-10-04T06:36:00+00:00,D1,0,0,2027-05-22,4.7,,
2026-10-04T06:36:00+00:00,I1,0,0,2027-05-29,5.3,,
2026-10-04T06:36:00+00:00,F1,0,0,2027-05-28,13.1,,
2026-10-04T14:33:35+00:00,E0,0,0,2027-05-30,113.0,,
2026-10-04T14:33:35+00:00,SP1,0,0,2027-05-30,2.2,,
2026-10-04T14:33:35+00:00,D1,0,0,2027-05-22,7.4,,
2026-10-04T14:33:35+00:00,I1,0,0,2027-05-29,2.2,,
2026-10-04T14:33:35+00:00,F1,0,0,2027-05-28,3.3,,
2026-10-04T19:53:10+00:00,E0,0,0,2027-05-30,118.4,,
2026-10-04T19:53:10+00:00,SP1,0,0,2027-05-30,7.5,,
2026-10-04T19:53:10+00:00,D1,0,0,2027-05-22,3.1,,
2026-10-04T19:53:10+00:00,I1,0,0,2027-05-29,3.0,,
2026-10-04T19:53:10+00:00,F1,0,0,2027-05-28,0.8,,
2026-10-04T23:46:39+00:00,E0,0,0,2027-05-30,122.3,,
2026-10-04T23:46:39+00:00,SP1,0,0,2027-05-30,11.4,,
2026-10-04T23:46:39+00:00,D1,0,0,2027-05-22,7.0,,
2026-10-04T23:46:39+00:00,I1,0,0,2027-05-29,6.9,,
2026-10-04T23:46:39+00:00,F1,0,0,2027-05-28,4.7,,
2026-10-05T06:29:02+00:00,E0,0,0,2027-05-30,129.0,,
2026-10-05T06:29:02+00:00,SP1,0,0,2027-05-30,18.1,,
2026-10-05T06:29:02+00:00,D1,0,0,2027-05-22,13.7,,
2026-10-05T06:29:02+00:00,I1,0,0,2027-05-29,13.6,,
2026-10-05T06:29:02+00:00,F1,0,0,2027-05-28,0.4,,
2026-10-05T17:47:04+00:00,E0,0,0,2027-05-30,140.2,,
2026-10-05T17:47:04+00:00,SP1,,,,,TimeoutError: The read operation timed out,
2026-10-05T17:47:04+00:00,D1,,,,,TimeoutError: The read operation timed out,
2026-10-05T17:47:04+00:00,I1,,,,,TimeoutError: The read operation timed out,
2026-10-05T17:47:04+00:00,F1,,,,,TimeoutError: The read operation timed out,
2026-10-06T01:38:34+00:00,E0,0,0,2027-05-30,148.1,,
2026-10-06T01:38:34+00:00,SP1,1,0,2027-05-30,3.9,,
2026-10-06T01:38:34+00:00,D1,9,9,2027-05-22,32.8,,
2026-10-06T01:38:34+00:00,I1,0,0,2027-05-29,11.1,,
2026-10-06T01:38:34+00:00,F1,1,0,2027-05-28,16.4,,
2026-10-06T11:40:38+00:00,E0,0,0,2027-05-30,158.2,,
2026-10-06T11:40:38+00:00,SP1,1,0,2027-05-30,1.3,,
2026-10-06T11:40:38+00:00,D1,9,9,2027-05-22,2.0,,
2026-10-06T11:40:38+00:00,I1,0,0,2027-05-29,2.0,,
2026-10-06T11:40:38+00:00,F1,1,0,2027-05-28,9.4,,
2026-10-06T18:44:22+00:00,E0,0,0,2027-05-30,165.2,,
2026-10-06T18:44:22+00:00,SP1,1,0,2027-05-30,3.9,,
2026-10-06T18:44:22+00:00,D1,9,9,2027-05-22,5.2,,
2026-10-06T18:44:22+00:00,I1,0,0,2027-05-29,3.9,,
2026-10-06T18:44:22+00:00,F1,1,0,2027-05-28,3.9,,
2026-10-07T00:18:32+00:00,E0,6,0,2027-05-30,170.8,,
2026-10-07T00:18:32+00:00,SP1,5,0,2027-05-30,1.4,,
2026-10-07T00:18:32+00:00,D1,9,9,2027-05-22,1.4,,
2026-10-07T00:18:32+00:00,I1,3,0,2027-05-29,1.4,,
2026-10-07T00:18:32+00:00,F1,6,0,2027-05-28,1.4,,
2026-10-07T06:47:11+00:00,E0,6,0,2027-05-30,177.3,,
2026-10-07T06:47:11+00:00,SP1,5,0,2027-05-30,3.0,,
2026-10-07T06:47:11+00:00,D1,9,9,2027-05-22,7.8,,
2026-10-07T06:47:11+00:00,I1,3,0,2027-05-29,7.8,,
2026-10-07T06:47:11+00:00,F1,6,0,2027-05-28,3.0,,
2026-10-07T16:04:06+00:00,E0,,,,,TimeoutError: The read operation timed out,
2026-10-07T16:04:06+00:00,SP1,,,,,TimeoutError: The read operation timed out,
2026-10-07T16:04:06+00:00,D1,,,,,TimeoutError: The read operation timed out,
2026-10-07T16:04:06+00:00,I1,,,,,TimeoutError: The read operation timed out,
2026-10-07T16:04:06+00:00,F1,6,0,2027-05-28,0.1,,
2026-10-07T21:43:49+00:00,E0,6,0,2027-05-30,192.2,,
2026-10-07T21:43:49+00:00,SP1,5,0,2027-05-30,0.6,,
2026-10-07T21:43:49+00:00,D1,9,9,2027-05-22,0.6,,
2026-10-07T21:43:49+00:00,I1,3,0,2027-05-29,1.5,,
2026-10-07T21:43:49+00:00,F1,6,0,2027-05-28,0.6,,
2026-10-08T06:56:07+00:00,E0,9,0,2027-05-30,201.4,,
2026-10-08T06:56:07+00:00,SP1,9,0,2027-05-30,9.8,,
2026-10-08T06:56:07+00:00,D1,9,9,2027-05-22,9.8,,
2026-10-08T06:56:07+00:00,I1,8,0,2027-05-29,10.7,,
2026-10-08T06:56:07+00:00,F1,9,0,2027-05-28,6.1,,
2026-10-08T16:02:14+00:00,E0,9,0,2027-05-30,210.5,,
2026-10-08T16:02:14+00:00,SP1,9,0,2027-05-30,2.6,,
2026-10-08T16:02:14+00:00,D1,9,9,2027-05-22,18.9,,
2026-10-08T16:02:14+00:00,I1,8,0,2027-05-29,1.0,,
2026-10-08T16:02:14+00:00,F1,9,0,2027-05-28,15.2,,
